"EVENT_ID","BDD_ID","EVENT_TYPE","CONFLICT_TYPE","BDD_START"
1,"03d767c8-2eca52c7",2,"",13.14
2,"02ef72c1-950d6851",2,"",3.25
3,"04200e90-4a4c631e",2,"",17.61
4,"04a8e132-4f929465",1,"s",16.12
5,"0549f27d-2e4ab1af",2,"",13.46
6,"03db1bc2-833ca88c",4,"",40.14
7,"04904d8d-0ab5c90a",2,"",10.92
8,"04bfcebe-f0908883",4,"",34.86
9,"04a45d6d-2abd9c7b",3,"",18.16
10,"03b8bba0-3aa073d8",1,"q",16.95
11,"02ef6aa4-de5825cb",1,"o",17.92
12,"03375ea2-17ddd6fc",3,"",19.7
13,"0386df8d-bf0099c3",4,"",40.21
14,"0384ec78-864ea363",1,"",17.16
15,"03866c0e-2a861ef2",4,"",40.27
16,"0341c57c-4e45bd8e",4,"",40.27
17,"03112119-0aafd3ad",2,"",11.03
18,"035f255b-5fce8975",1,"t",9.58
19,"044aa15f-c7ef9b3a",3,"",16.58
20,"049963e5-b1bab2f5",2,"",15.11
21,"04bc4542-61c650d3",4,"",40.36
22,"02d5e1be-7ec9c0bd",1,"s",18.47
23,"03375ea2-c96d61a8",4,"",28.0
24,"02d5e1be-bd9bd999",4,"",40.07
25,"043026cb-f72901db",3,"",17.84
26,"040dbaad-6a7b5fb7",4,"",40.16
27,"0434fa79-a5fc44cc",1,"s",26.66
28,"0518ba57-72c1da70",1,"o",19.88
29,"0374204b-40287a38",4,"",40.11
30,"0445a23c-59aa5b31",1,"i",20.03
31,"04ede4bd-c03f27b1",2,"",24.76
32,"03112119-f1d28776",1,"q",17.49
33,"0423e13f-e98cd41d",2,"",19.73
34,"0386df8d-be9fc817",4,"",7.76
35,"03d75135-9aa0cdd3",2,"",5.14
36,"044f1bbf-6dd22b42",2,"",1.88
37,"034ba984-01a430f3",2,"",19.69
38,"04488604-c87bc645",2,"",10.4
39,"0480f92e-6da53797",4,"",40.27
40,"049963e5-5cc062fc",2,"",12.97
41,"02e9a153-6eefde0a",2,"",14.75
42,"04b5abe5-52cfa9ae",1,"f",18.45
43,"02ef72c1-00a6439d",2,"",13.65
44,"02d478d1-e6811391",1,"j",19.33
45,"04cda2f6-ed6c9293",4,"",35.71
46,"0386df8d-c884dc14",3,"",19.33
47,"04a8e132-2df6a0e0",2,"",13.29
48,"046becaa-8fc35912",4,"",38.75
49,"049963e5-e808fafb",2,"",15.29
50,"0432d284-c924667e",1,"s",17.71
51,"04488604-72f099d0",4,"",40.22
52,"04bc9f93-5e778e80",2,"",18.93
53,"039cb0e4-f0bc9d7a",3,"",18.05
54,"05391f8a-a0e258ec",2,"",18.43
55,"04c9fe6b-0da822ab",1,"q",16.46
56,"02ef72c1-d2001149",4,"",32.38
57,"03f05c87-f434a181",1,"o",18.31
58,"02bd959c-f20a2437",2,"",13.58
59,"0391b282-79dba56d",4,"",26.97
60,"043026cb-cf576c90",1,"j",24.57
61,"04105929-5600b869",1,"q",15.23
62,"034d18b7-f0403558",4,"",39.07
63,"031675b4-5ca668c9",2,"",17.84
64,"049963e5-3c4e8512",2,"",16.39
65,"0549f27d-ba21dbdd",2,"",17.4
66,"051b5e6e-92d52823",1,"s",17.9
67,"04df85b9-a4966002",2,"",15.34
68,"047e4de8-a8e6dcf4",4,"",39.78
69,"03a3f4e6-caeaf05d",4,"",37.62
70,"034ebec5-b2b76478",1,"t",17.55
71,"030e8b7a-4dab7745",2,"",1.76
72,"02ef72c1-00ab3007",2,"",15.99
73,"02d478d1-0328a5bf",1,"a",18.85
74,"02ef72c1-6e9a4af4",2,"",5.26
75,"03c66a02-3deee2e5",3,"",16.76
76,"04d99a06-b17c00d8",4,"",38.63
77,"02d478d1-9774e131",1,"j",18.79
78,"044f1bbf-8c5aaaa6",2,"",16.71
79,"03164aef-9a01fe07",2,"",24.21
80,"02f08b1d-16200b45",3,"",19.89
81,"04262895-e1b3c150",4,"",29.67
82,"02ef72c1-a37b71ce",2,"",7.93
83,"0554d0e1-4cfbe343",2,"",19.13
84,"03d767c8-1012d4f8",2,"",14.81
85,"02d478d1-5ffc4cb0",4,"",40.21
86,"04c9fe6b-56257996",4,"",34.06
87,"04a04dc0-7f72e106",2,"",17.01
88,"03534ec1-78720606",4,"",28.09
89,"043026cb-3a39d0b7",4,"",28.49
90,"04e02bc6-62d455f2",2,"",24.62
91,"02ef72c1-4af36cad",2,"",17.84
92,"053c8b8d-8778d73e",2,"",0.79
93,"04488248-af1d57c1",2,"",20.09
94,"0554d0e1-2a24a6bd",2,"",5.51
95,"04d49b8a-f0e342cb",2,"",32.55
96,"04bc9f93-a76176dc",1,"q",17.86
97,"03164aef-f18deb04",1,"s",19.45
98,"047e4de8-d5b2cd81",3,"",16.06
99,"053835b7-a2d213d3",4,"",28.52
100,"04f02ef2-e065697f",1,"f",19.48
101,"02ef72c1-5ee7012d",2,"",17.3
102,"04246ccb-d036d7ec",4,"",36.66
103,"02e9a153-1d9cde62",2,"",19.53
104,"03dda8e7-dea74947",4,"",40.13
105,"05268dc6-4e88d5fb",1,"s",17.63
106,"04dc483a-f595d9f1",4,"",37.84
107,"04df85b9-abdaa88f",2,"",15.66
108,"02ef72c1-0baf95e4",4,"",40.07
109,"0373026a-6b400710",4,"",34.88
110,"04c9ba23-4f220b11",4,"",40.13
111,"03f65112-049cca26",4,"",22.62
112,"045033c7-c84358fe",4,"",40.14
113,"03bf498b-044cb72c",4,"",40.07
114,"054ce029-b78f0d6e",4,"",40.17
115,"02c26e9d-e59d7856",3,"",17.91
116,"045e7c02-416cdd97",1,"d",18.43
117,"05bbfcd2-6bbad80b",1,"q",16.7
118,"07770062-61ec4de2",3,"",17.94
119,"06ff7d61-45086936",2,"",18.25
120,"05e61937-4d3e06ad",1,"q",17.34
121,"05b4fcee-4a9d0d0f",2,"",9.51
122,"05e5b952-70bc5050",4,"",39.44
123,"0749c9f8-591e1b5f",1,"q",17.81
124,"06ca4b52-013116c4",4,"",40.01
125,"070a98e1-5cd0d845",1,"A",17.71
126,"05a47370-6e560453",4,"",40.16
127,"0618c64e-e8cfed90",2,"",10.32
128,"07c73bfa-92365af9",4,"",40.11
129,"071055c2-651bcc30",4,"",36.57
130,"06147f21-9357dcfc",1,"q",16.45
131,"07b5af1c-5153aa63",3,"",17.36
132,"069ec458-173e54eb",1,"d",19.82
133,"06549737-6200bad0",4,"",40.23
134,"07632891-5003ac75",4,"",40.26
135,"05ee8e98-485483e2",3,"",17.87
136,"0706e16c-8eb9233a",4,"",36.79
137,"05a86ea1-a47bd8d5",4,"",40.23
138,"0605d7f1-83f1d038",1,"j",18.25
139,"0594b1a4-930c6473",4,"",25.84
140,"075b7f38-faeae246",2,"",30.94
141,"070f6b29-17d7c3b0",4,"",40.14
142,"06d26329-df64815b",2,"",25.48
143,"074f53a8-5662b9c2",2,"",17.45
144,"07046e51-26d2ca17",3,"",19.13
145,"07d85772-0bb4a5e1",1,"s",18.47
146,"06fc9e56-70b15d2f",4,"",40.07
147,"07bf51f9-ae12b6bc",4,"",21.8
148,"061c075c-3a32cdce",2,"",13.67
149,"0798a3a8-c4501e0f",4,"",30.32
150,"06cefa8d-bc1fd9ab",1,"q",18.02
151,"06031175-b4b8a11e",4,"",37.53
152,"073873be-32a8b6b8",4,"",40.11
153,"069fea5f-ee9d10dc",1,"q",17.27
154,"06d7ad03-670b804e",4,"",35.03
155,"064677da-8d4063f4",4,"",40.17
156,"05e5b952-73bfedb3",4,"",40.07
157,"057caffa-a4f08778",1,"t",20.07
158,"069dc121-6eb3248b",4,"",36.92
159,"06eba8d5-65737473",2,"",25.06
160,"07454314-d5919c75",4,"",40.21
161,"06ba2179-c1ded330",2,"",16.82
162,"0711eac1-5feefae6",1,"j",18.47
163,"07184fbb-5d195420",4,"",40.01
164,"070f6b29-5f5d24aa",1,"q",17.74
165,"06c9bab3-babe2b1e",1,"i",17.48
166,"07184fbb-af89b759",1,"g",17.39
167,"05ab62f4-613ed675",3,"",16.9
168,"07576c3b-a24a05e7",2,"",17.65
169,"0711eac1-1692b2d7",2,"",17.32
170,"07797fc1-3f6aee10",4,"",23.82
171,"05c28cb7-a52fa59d",2,"",16.89
172,"070a98e1-762f1148",4,"",35.12
173,"055e339a-e98dd764",2,"",0.13
174,"073dc97d-7a3e1436",3,"",17.39
175,"06d981bc-01758867",1,"q",17.17
176,"066d1d12-21f921e6",3,"",17.68
177,"063018c8-0d5bea3a",1,"q",16.5
178,"05c1a69f-c2d4dd51",4,"",29.8
179,"06ff7d61-1fa52d1c",4,"",40.24
180,"06c3126b-de9504ce",4,"",27.53
181,"05cf65b8-645fa6bc",4,"",33.94
182,"07919504-a04fb42d",1,"q",16.35
183,"071eee2a-054af08d",4,"",40.3
184,"079f5ab4-43e6c570",4,"",40.17
185,"06cb522f-dd1b9be7",1,"q",16.35
186,"06ffeb40-0fdcfd93",2,"",13.9
187,"07304f74-b35ab93b",4,"",35.15
188,"07075bd4-07406294",2,"",1.41
189,"072636ee-8ea218bd",3,"",17.74
190,"06003306-a08f2284",3,"",16.78
191,"07a757a9-b14e63c3",4,"",40.24
192,"06bc1bb2-7c45c9a1",4,"",35.73
193,"06fc13d5-1e663296",4,"",32.53
194,"06a2ba07-70df2212",2,"",0.04
195,"0714456d-2648a0c9",1,"q",17.29
196,"064677da-d6202761",4,"",29.07
197,"05e11010-f47a5104",3,"",15.09
198,"06fce5b8-efc1a0dd",4,"",6.5
199,"0683345e-353c53d1",1,"o",16.88
200,"0770cd2d-58c39df2",2,"",17.35
201,"072fda2b-989e8286",2,"",13.32
202,"06d54ae6-bf7ed032",2,"",20.17
203,"06147f21-35d7b273",1,"s",19.07
204,"06f7a41e-c8b5c7c7",3,"",19.64
205,"074f53a8-085ed8fa",4,"",35.29
206,"064677da-593ce6b4",4,"",38.35
207,"0646b512-2bb013fa",4,"",31.96
208,"0711eac1-5ff95890",3,"",17.84
209,"05986b6d-50b618a9",2,"",13.05
210,"062861e9-6d59a63e",4,"",40.31
211,"06c7f82e-4d749e9b",4,"",40.37
212,"0744d15f-52be360c",1,"q",16.88
213,"0714456d-88d85a8c",2,"",17.24
214,"06ff7d61-53ba5061",4,"",26.37
215,"06a4abd2-cbbaaf3f",4,"",38.2
216,"0594b1a4-235a835a",2,"",16.65
217,"064ecbd3-e42226ee",4,"",32.39
218,"05e61937-2a153bb7",4,"",37.27
219,"07184fbb-54f9d99d",3,"",17.73
220,"0711eac1-7807265a",4,"",35.08
221,"0676d627-4b8f681b",3,"",17.56
222,"05b4fcee-a4af791b",2,"",18.51
223,"07db30e9-63eb23c4",3,"",17.15
224,"0679098c-550ac091",4,"",31.48
225,"06cbfcda-21eeb0d3",1,"f",20.94
226,"06257efc-9039235e",3,"",16.65
227,"074f53a8-f8ca7a8c",4,"",40.14
228,"06ca4b52-4234312a",4,"",40.24
229,"0679098c-46a9ff6f",4,"",29.81
230,"05c1a69f-b2e1617b",4,"",40.27
231,"06727591-79344a7e",4,"",38.62
232,"065992a2-5bef4d51",1,"j",19.37
233,"06aafbf5-2c703059",4,"",40.11
234,"079e8841-dc52eb34",1,"q",18.32
235,"07cacc74-cd5434f6",4,"",40.17
236,"078211d7-d1f51fb0",4,"",28.59
237,"06a312bf-74d252c1",4,"",37.82
238,"05f82a66-54fd7c99",1,"s",17.76
239,"07454314-ac63ae3a",4,"",40.34
240,"06ff7d61-3135eaa4",4,"",38.13
241,"07bd5534-a5b67622",3,"",19.0
242,"06ca4b52-f0ea5efd",3,"",17.17
243,"06cdf0b1-6fec3924",3,"",18.19
244,"06498637-450f7fd2",1,"f",17.95
245,"05b4fcee-74ffe788",1,"h",19.32
246,"06083322-27981e9c",2,"",17.9
247,"065334d1-add77611",4,"",40.19
248,"06d7ad03-a9e83211",2,"",17.37
249,"07434289-7c2e8f71",4,"",40.11
250,"07184fbb-1bf770ba",1,"f",18.1
251,"06c38a86-e8d15e35",4,"",26.77
252,"0594b1a4-c9f9459a",3,"",18.28
253,"06a4abd2-bcb723c2",4,"",40.07
254,"0683345e-5725873e",3,"",16.08
255,"05cb8e1c-e064ca63",4,"",40.24
256,"06e78685-b80ce1cc",3,"",17.22
257,"0598d1c5-d103716c",1,"o",16.24
258,"05b5e6e3-affbe780",4,"",40.27
259,"0573f031-e8244dd0",3,"",18.99
260,"07576c3b-5c9dccb3",3,"",17.11
261,"0714456d-619b3a70",1,"q",19.04
262,"07b5edf7-e4c83fc5",1,"q",18.6
263,"07812b19-1a472b19",3,"",18.75
264,"06147f21-182d723b",4,"",33.87
265,"072f9d2d-c96cc31c",3,"",17.38
266,"06836e19-0798237e",2,"",11.99
267,"0714456d-4cd21397",2,"",19.19
268,"05900711-40d8c58a",4,"",34.53
269,"062ba1b5-f782f323",4,"",40.24
270,"07a757a9-c5629a01",1,"f",16.96
271,"0799f6ac-4e98b098",2,"q",13.51
272,"07cfae30-2b16ec23",3,"",16.9
273,"05cbc360-e3495087",1,"t",15.94
274,"05ed37be-d8e3f602",1,"o",18.39
275,"0711eac1-9e9f803d",4,"",29.56
276,"0786294e-634c696d",4,"",19.12
277,"06275a15-d18393c5",3,"",17.75
278,"07be42b3-f0fa018c",4,"",40.17
279,"0568273b-0fb92589",4,"",28.0
280,"06fb50bb-c8b0052e",4,"",40.07
281,"0719a2ec-133d9525",2,"",19.4
282,"0593fea2-6471cf4e",1,"q",18.22
283,"070b3ecd-efd302c2",4,"",40.31
284,"066cf59c-d989b300",3,"",16.9
285,"06097236-6d6f89e9",1,"r",18.39
286,"060fcfc7-c5c91f05",4,"",31.27
287,"05c1a69f-6a94dbe0",1,"s",18.36
288,"06727591-f55ebbfa",4,"",40.23
289,"06cb522f-aaed5ecf",4,"",40.37
290,"05c0c96f-56cefd89",1,"i",19.58
291,"05c1589a-60d8d1f3",4,"",40.14
292,"064283a1-239e39d2",3,"",17.92
293,"05e11010-54bec48b",3,"",16.17
294,"061c50f7-beed329f",1,"q",18.69
295,"07454314-b8e8bc98",4,"",40.37
296,"070971b6-738258f2",1,"r",19.11
297,"066a5091-9a96f33a",1,"q",17.19
298,"06dd97af-8a5ae9f0",4,"",28.01
299,"05a644c1-7689cab9",1,"q",17.52
300,"07a3281d-b545682b",1,"j",18.43
301,"05ee8e98-76727233",1,"f",17.72
302,"0573ac53-c7d4e699",4,"",39.55
303,"06ff7d61-dc1c9107",4,"",23.21
304,"0679098c-82d334ce",4,"",25.83
305,"0771e291-2c04da5c",2,"",33.13
306,"05b4fcee-295c65fa",3,"",17.95
307,"07398e6d-7b0dc522",1,"e",17.68
308,"06d26329-d698820c",2,"",16.06
309,"075ebb3d-30b5988d",3,"",18.61
310,"07dbeef2-301c99ae",1,"t",17.83
311,"07184fbb-2e67b768",1,"q",18.42
312,"06ca4b52-6fc89b9d",3,"",18.04
313,"060a3fea-febae7d2",4,"",24.56
314,"06ccfb08-3b6cf4c2",1,"e",17.93
315,"061e50b9-4632404d",1,"f",19.18
316,"05b71873-a97bfdc8",3,"",17.89
317,"07454314-345ae74a",1,"e",17.84
318,"061e03b9-09d00e53",1,"q",18.24
319,"077d7bbc-2dc66d22",2,"",1.24
320,"07184fbb-061caa74",1,"q",17.73
321,"0594b389-e9ced33c",4,"",18.97
322,"06f9786e-16c538fd",1,"f",14.87
323,"070323e5-8b9d4350",1,"q",16.56
324,"06fb50bb-6d44b337",4,"",27.64
325,"08952c41-69e7fcf1",3,"",19.31
326,"09a1bb0d-8acc7b23",1,"q",17.81
327,"084e4b32-b15dad06",2,"",9.27
328,"09e105a1-4d28a24e",3,"",16.79
329,"08bc375d-20a94856",1,"q",18.16
330,"0857c321-6622ca8c",1,"q",17.24
331,"096d1ccc-bd6ca999",1,"q",15.57
332,"09bf2314-d8403d71",1,"g",18.57
333,"09f4b7a9-6948c8c8",4,"",40.27
334,"082f16d5-a8027f57",1,"q",16.61
335,"07e83a3a-9fe8ae90",4,"",40.1
336,"08a5891b-71844499",1,"q",17.99
337,"083c3646-db4ea55a",2,"",35.96
338,"09ae89e4-9ef1aaa8",1,"q",17.43
339,"08eb6a12-d54000f3",1,"q",15.48
340,"09dd76ae-f764918c",3,"",17.34
341,"0a229f92-d8ef7bcd",3,"",18.61
342,"0919d0a6-27280b18",1,"t",17.99
343,"0a0c3694-54476ae3",2,"",17.05
344,"08116288-80020203",1,"t",18.31
345,"083958dc-b83b361c",4,"",27.75
346,"07fad9ad-c8478faf",4,"",40.1
347,"09f08541-e7125866",4,"",25.29
348,"08ffb626-50682b36",4,"",25.29
349,"0a227e54-8e80ff58",4,"",40.24
350,"0a2804db-68acbf2b",4,"",29.44
351,"09d9403c-f3d80edf",3,"",30.32
352,"08ad7534-57392f9d",2,"",4.02
353,"09be05bd-6471d11b",4,"",39.42
354,"083c3646-ff518273",3,"",17.34
355,"08688b9f-2889013f",1,"s",15.11
356,"08fd4409-b03a6959",4,"",22.56
357,"0a116def-9c46c9d9",3,"",17.35
358,"0837760b-d0fc2090",4,"",40.09
359,"0939491b-ddb2f980",4,"",23.84
360,"0a2771f8-6aa7c870",3,"",18.83
361,"08743801-ea624790",1,"q",18.22
362,"08fd4409-68bb4760",4,"",40.12
363,"0989746b-b05273c2",1,"q",17.32
364,"08a1ba07-dc46f5a3",3,"",18.61
365,"0a0d6e22-f6446b68",1,"o",18.28
366,"0a0c3694-9572f64f",3,"",18.55
367,"08f6c5f0-39e91ed5",4,"",27.41
368,"08280ddd-531747c4",1,"q",18.28
369,"07e35a37-3fc5f00d",3,"",17.26
370,"07f585bf-dfa53df4",4,"",38.67
371,"09f81455-e194d277",4,"",40.14
372,"07f58d35-2c967dc7",3,"",17.81
373,"09671fd4-6c127018",4,"",22.5
374,"0879ba7f-43a47bb3",3,"",17.61
375,"08743801-96dde831",3,"",17.06
376,"09f23136-1005f7cb",3,"",18.09
377,"08243e30-f438c630",1,"j",21.87
378,"08e0470b-28968b53",3,"",18.77
379,"08649f3e-0a88fbfe",3,"",18.43
380,"09e510cc-b0ca6fed",4,"",40.21
381,"08ab9975-8921e712",3,"",18.0
382,"080caaa5-5d57e4c5",3,"",17.41
383,"09604a5b-42aad49d",4,"",40.21
384,"09c771db-cb84b221",1,"q",17.48
385,"09489939-6e6f85e4",3,"",17.66
386,"08c1af62-9b729673",1,"s",16.48
387,"099e39dc-dac28777",2,"",10.51
388,"081a6c67-82777b9b",1,"q",18.41
389,"09e4ac3a-8126e9c0",2,"",7.45
390,"08afd010-430001a7",4,"",39.14
391,"0a2804db-af7001a6",1,"s",19.07
392,"099601d0-ad286389",1,"t",17.81
393,"09bf2314-0a3a6c43",3,"",22.74
394,"09d92647-1a1b355f",1,"j",20.13
395,"086c8f1b-1241a1d3",4,"",39.72
396,"099f3ab3-96c138a2",4,"",39.03
397,"09955aa4-0b980de8",3,"",19.77
398,"0838a517-c273a071",2,"",33.71
399,"0809c16f-8645203c",3,"",19.88
400,"087c75b9-aac5409a",4,"",39.59
401,"07f58d35-3b247fbf",4,"",38.96
402,"0a05a47b-2342eda4",4,"",38.9
403,"08a806c9-42637fe4",4,"",39.72
404,"091be679-5b7b91e4",4,"",38.55
405,"097c9ce7-c1b90aff",4,"",38.46
406,"0a0379a5-d2e2ba43",3,"",20.42
407,"0977bee4-fb6f69ee",2,"",6.07
408,"094d1fd7-d6d70a36",3,"",19.13
409,"07ff4e00-7c90028c",2,"",12.64
410,"08691778-45ea790a",4,"",39.77
411,"0827182a-a0aeb8b8",4,"",36.89
412,"08c82c63-2d9a0088",3,"",20.14
413,"07ea0f81-a6e62756",4,"",37.65
414,"0996a2e7-b3e9c2e4",1,"a",21.8
415,"0804b94c-f50ac796",1,"j",24.96
416,"091386c4-0d3bf1c7",4,"",37.81
417,"08ac709b-62767e87",4,"",36.61
418,"08ef9f76-886d0493",3,"",20.01
419,"080ade80-1a838948",1,"h",21.59
420,"098da55e-c41120e5",4,"",38.5
421,"09bde9c2-2b5493a6",3,"",20.81
422,"08a18849-e3f76f44",4,"",38.03
423,"086f115c-f16c3735",3,"",21.38
424,"08832b9c-e887f14c",2,"",9.75
425,"08c9b518-7d6380c9",3,"",22.91
426,"08f90823-42def031",4,"",38.93
427,"09510aa5-6f505269",3,"",20.08
428,"09d9403c-a07d3e0d",3,"",20.16
429,"08822b78-8e3a3d0e",4,"",36.09
430,"07de31b1-f2d983ba",3,"",20.6
431,"09f23136-817bff87",3,"",20.74
432,"09e7659a-1ec0ce25",4,"",39.09
433,"0a1f4fce-f9cac880",4,"",38.77
434,"09addb9d-886a3ad8",4,"",38.25
435,"0a077d81-32f8013a",3,"",20.07
436,"08c9b518-24dccef1",4,"",37.48
437,"0886c147-281cfa4c",3,"",20.63
438,"08ffb626-76ad5387",4,"",35.62
439,"08c82c63-03a451ff",3,"",21.46
440,"099071e5-fae1033c",3,"",20.36
441,"0840fdc6-e72d96b3",1,"Q",17.52
442,"0a0b16e2-93f8c456",3,"",20.5
443,"0872f776-c90d4265",4,"",38.27
444,"08aebde1-cd63f123",1,"J",19.58
445,"0875a7fe-00ea2b7b",2,"",9.78
446,"09ad6875-3ff2b775",3,"",19.88
447,"086a5147-40525e75",1,"Q",21.5
448,"09f4b7a9-c1529cd1",3,"",20.78
449,"093d551e-7bf16e91",4,"",34.87
450,"09e17e0d-0976910b",4,"",35.45
451,"0959bfdf-a1660e61",4,"",37.59
452,"0924b40b-6ec1c8e8",1,"Q",23.24
453,"082d5dee-143aa65a",1,"Q",20.29
454,"08ac23b4-93b233b1",1,"T",19.23
455,"08c793fc-aac55921",1,"J",27.45
456,"08e467a4-a39b0253",4,"",34.54
457,"08fd4409-bd668894",1,"Q",21.28
458,"0832b2c1-59228fb8",1,"J",18.63
459,"0a3f965a-0198d7ae",1,"Q",20.77
460,"086f115c-47307bfb",2,"",16.48
461,"0a2804db-65f4ffa1",4,"",36.89
462,"09fe84f2-5f2228d2",1,"I",21.02
463,"08f767eb-c0282d57",3,"",18.12
464,"0957432b-e6f47f8e",1,"F",19.93
465,"07e9e760-687a2c40",1,"Q",22.47
466,"082af4d2-631e428f",3,"",22.7
467,"08e0470b-eb10d0bc",1,"J",19.77
468,"098aee54-bd3fe086",3,"",19.52
469,"0900912b-1f288d91",1,"H",25.12
470,"09d9403c-4c5192af",3,"",20.17
471,"0a0ceca1-4148e482",3,"",21.62
472,"0872f776-5fcac7fc",2,"",20.35
473,"08092a8d-9d33fefd",2,"",18.67
474,"093f543c-ecb7c43d",4,"",36.53
475,"09329382-5947e435",1,"T",19.23
476,"0889a51d-48ed41be",3,"",20.73
477,"087c75b9-53c8cf11",1,"F",6.92
478,"09dddf33-6b1018d1",3,"",28.29
479,"081a0da6-a7cdac9c",1,"s",18.01
480,"0804b94c-1bbe0e29",1,"r",19.96
481,"08119845-793c9e3a",3,"",19.21
482,"0837760b-d41ee91e",2,"",28.72
483,"08559e14-86c1c50d",4,"",37.15
484,"0a0c3694-37864ee7",3,"",19.87
485,"0990f543-98170735",1,"a",21.73
486,"09a1bb0d-980924e2",3,"",19.49
487,"07e8dd9a-4c074ae4",1,"t",12.26
488,"0840fdc6-28ecdc0a",2,"",21.98
489,"09d9403c-42fd5def",3,"",21.09
490,"082af4d2-631e428f",3,"",18.09
491,"0a227e54-ca03e077",3,"",16.45
492,"08ffb626-6a845e7a",3,"",17.57
493,"083cbb05-fd4bd01d",3,"",17.39
494,"083174cc-d0d36221",3,"",16.09
495,"09e4ac3a-34ef3203",3,"",18.09
496,"0867b333-02fd5cf3",1,"q",15.88
497,"0935be53-9a1f1a91",4,"",40.07
498,"09322aca-d4184b1a",3,"",20.31
499,"089c725b-def00b86",4,"",37.95
500,"08ac23b4-2031c61b",1,"q",20.26
501,"08030962-867756a2",1,"s",20.65
502,"08f7bc96-150878fe",2,"",20.41
503,"083174cc-11a28344",4,"",37.88
504,"099d8913-48b371ce",1,"q",19.62
505,"08c35741-50cb85ef",3,"",21.48
506,"08fc12ef-39f16566",3,"",18.84
507,"08600583-56f80631",4,"",25.5
508,"0973a4ae-441acd83",4,"",27.41
509,"0943bcdd-481da984",4,"",40.17
510,"0868eac6-a70556b4",4,"",16.8
511,"0868eac6-a70556b4",4,"",16.8
512,"0a229f92-6799c19f",3,"",17.2
513,"094abeaf-c901b4f6",2,"",15.27
514,"08592dc6-483fb0f4",3,"",17.63
515,"083174cc-0249b0b9",4,"",23.36
516,"09058abf-a039ab07",1,"q",18.58
517,"088f9e4e-64c3714f",4,"",14.22
518,"08ffb626-fa887664",3,"",21.84
519,"08ef9f76-98fad0d1",4,"",39.65
520,"09604a5b-bb74b576",3,"",19.61
521,"08f7bc96-82c4d570",1,"W",20.22
522,"0844afed-62a1b2be",3,"",20.06
523,"08b61578-35cae2fa",3,"",18.91
524,"080aeb7a-fbcbca53",1,"Q",24.12
525,"07f66a41-02f8045a",1,"O",21.59
526,"099f0478-a978c1be",1,"O",20.04
527,"088351d1-30833ddc",1,"Q",20.32
528,"087ad1c6-93a9e125",1,"Q",19.65
529,"07f4db9c-ea11f3a0",3,"",18.63
530,"0908b2c6-07100ed6",1,"O",20.07
531,"09a3ff75-72315256",3,"",19.27
532,"092a4d43-1663d2fd",4,"",38.66
533,"0922c7dc-00f2625e",3,"",19.44
534,"086f115c-50964a56",1,"F",18.51
535,"09077539-d62cae4a",1,"",19.97
536,"09c287b9-7c1b1570",3,"",19.76
537,"099f402b-b59e4a27",4,"",38.48
538,"09f80246-1f6ced19",1,"Q",21.11
539,"083965ae-096a80bc",3,"",19.14
540,"07fad9ad-aaae2bf1",1,"G",20.52
541,"094a88ce-225be062",1,"S",20.32
542,"08e16a31-71c2ac9b",3,"",19.86
543,"07f99854-0c9179ab",1,"G",19.4
544,"08f90823-bf09bf13",3,"",20.67
545,"0965f189-557b389b",3,"",18.81
546,"08e0470b-f27b12e1",1,"Q",19.2
547,"07eabbe1-e60b697d",1,"T",20.14
548,"08a0bf03-d6ca7e96",1,"T",18.87
549,"0a0c3694-f3444902",1,"Q",20.15
550,"07f2751a-3b403333",4,"",38.66
551,"07ee3187-174684bf",3,"",19.43
552,"09c452f4-5069c919",1,"Q",18.94
553,"0844afed-c1671c1b",1,"Q",20.03
554,"08280ddd-fe763bef",1,"I",22.22
555,"082f16d5-2f45d59e",1,"T",19.87
556,"0989746b-936d0a21",1,"Q",21.24
557,"09ac7416-6b722ba9",1,"F",18.47
558,"088588be-a1b2c890",3,"",19.96
559,"09d60d59-2fbe6729",3,"",20.42
560,"083174cc-49ed008b",2,"",19.26
561,"09b80f74-c763ee9b",1,"G",19.94
562,"0989746b-f41d88ca",1,"Q",18.64
563,"08952c41-6107aa98",4,"",35.61
564,"080aeb7a-a660360a",3,"",19.37
565,"08605381-3c49572a",1,"t",21.74
566,"09f609ac-a781fd1c",3,"",19.91
567,"09077539-f76006d1",1,"q",19.65
568,"08822b78-139672d0",4,"",34.36
569,"09d9403c-7087e413",4,"",35.94
570,"08952c41-61d98712",3,"",20.87
571,"08ffb626-1c25b2a4",3,"",20.41
572,"09a1bb0d-24c1ecd4",1,"q",20.39
573,"080f9a47-c88dc0a5",4,"",34.5
574,"08227ff8-582c6d01",3,"",19.73
575,"099ddbb4-57099da2",3,"",19.37
576,"08ba8824-190e42d4",1,"q",26.0
577,"09e76fbb-8f30108f",3,"",17.65
578,"09ab745c-b5f1fcce",1,"s",19.65
579,"08ad7534-5dd9b225",4,"",36.57
580,"09444e33-9601db9a",1,"s",19.53
581,"09cdd188-b60d1d91",3,"",20.29
582,"09297ff2-504a7e21",1,"q",18.96
583,"0a11fb20-76cf7b52",3,"",19.42
584,"09a24438-2716030b",1,"q",19.13
585,"0894d380-788dbe9d",1,"q",16.78
586,"08e467a4-7a7e3d4b",1,"f",25.85
587,"0837760b-ad283de3",2,"",14.65
588,"0a42ee8c-13838721",1,"q",19.32
589,"08ad7534-3db5e60b",3,"",20.63
590,"08ffb626-02eb6a44",3,"",18.81
591,"091df216-7fb5670c",1,"f",19.09
592,"092b387a-1827765a",1,"q",22.68
593,"0924b40b-748ac7ce",1,"q",20.49
594,"08dbf441-c7669ef2",3,"",20.04
595,"0a3e70d1-a515ffaf",3,"",20.43
596,"08c0f170-382c29db",1,"i",19.15
597,"09cdd188-4e98738e",1,"q",21.41
598,"0844afed-b7fa350e",3,"",21.35
599,"0813b764-ca9bd8c3",1,"s",19.2
600,"09d6c5f6-2d65cc73",3,"",18.13
601,"0a0c3694-24fe9c8d",2,"",19.49
602,"08ef9f76-89584399",1,"f",35.2
603,"08dd4b3a-7b6701ff",1,"f",19.82
604,"0a34cf13-0309971f",1,"g",21.27
605,"0a0379a5-3870b241",1,"q",17.19
606,"0a0a0b1a-7c39d841",1,"j",24.49
607,"0890ad75-188c8f6e",3,"",20.89
608,"07eabbe1-693691f6",1,"q",19.14
609,"08892113-a931622d",1,"i",19.74
610,"0a2804db-677b1b1d",1,"q",17.56
611,"08c35741-9a520c61",3,"",20.09
612,"0908b2c6-07100ed6",4,"",40.27
613,"13ea6934-805bf4e8",2,"",19.0
614,"10f92555-e2e18af8",3,"",18.02
615,"0be60f15-4bd4b9d4",4,"",22.72
616,"117a25ea-e50ce840",4,"",33.04
617,"1360daf5-b6526ed1",1,"o",19.27
618,"12e1df52-407e1ad9",4,"",40.14
619,"1017ef7a-352dfbb8",4,"",40.41
620,"1252678c-c5725fe3",4,"",37.27
621,"0a6dbe46-5ee02013",3,"",18.96
622,"10b29d06-1114fd4d",1,"e",15.7
623,"0af30faa-3a2e26aa",2,"",32.96
624,"1003daad-d20984f7",3,"",18.36
625,"0b05f0b9-6fb236ee",4,"",26.14
626,"104dc705-72cee165",4,"",23.97
627,"12cfedaf-f50392c1",2,"",28.66
628,"11b47a8a-e8b493d6",1,"s",16.06
629,"0c6482e0-75260514",4,"",14.56
630,"1255bb0a-1c43983f",1,"t",17.99
631,"10b090cc-5359747e",4,"",30.11
632,"10ec4581-4559cd31",1,"q",17.25
633,"0ce5101a-9f7e7fd8",1,"h",19.49
634,"1111a8b5-cbea7ce2",4,"",40.17
635,"1017ef7a-50d087cf",3,"",18.49
636,"0fc290b5-f43ff329",4,"",24.91
637,"1303aa76-3123ff37",4,"",23.42
638,"0b36ee90-f89cd13d",3,"",17.82
639,"114a3caf-f0fb8b63",1,"q",17.9
640,"13b4fa5d-35b4436d",4,"",12.13
641,"0b6dd7d8-ff3ac76b",1,"f",17.36
642,"10ec4581-473cbeec",1,"f",18.06
643,"10ced427-af655277",2,"",2.2
644,"0a987fbc-48d777e2",4,"",24.41
645,"149e074a-0161ed63",3,"",19.85
646,"0adac7af-a2cd919a",3,"",18.26
647,"114f1f65-0dde834f",4,"",25.7
648,"11293a61-02d1d404",3,"",18.33
649,"12b071b9-489bf995",3,"",18.69
650,"11513e3d-150058c3",1,"q",17.87
651,"12149aae-a323a442",1,"s",18.91
652,"0c2347b9-bdbbede5",1,"q",17.13
653,"14942896-b3e38c80",1,"q",17.96
654,"0c3eee84-79b49aaa",3,"",18.18
655,"0ae768b1-c8e2a68c",3,"",16.54
656,"13285709-f95226e7",3,"",17.64
657,"0a9d2d3e-50c65398",4,"",40.34
658,"13a4e4da-1e2ce046",3,"",17.33
659,"0bf4162f-ab9fe384",3,"",17.31
660,"0fc0c815-8ba80d60",3,"",19.43
661,"0c005860-45e2b557",1,"o",6.21
662,"12d8cf1c-bac76333",4,"",24.15
663,"0b0fa35c-d94dd14a",4,"",40.07
664,"10189cd7-29a89d7c",3,"",17.39
665,"13059030-c7c0492d",4,"",36.38
666,"11577eed-c514f733",1,"t",20.52
667,"0ab1b9e8-016bab4d",1,"f",19.32
668,"12b071b9-76cc39fa",1,"o",19.11
669,"10380cdd-86bc507d",1,"f",19.14
670,"108c0ff8-c951d826",1,"t",18.89
671,"0a851459-0fb97708",3,"",18.91
672,"1025cadf-6086cac4",1,"q",18.9
673,"11bf7bec-7600e6ca",3,"",20.03
674,"120f96e5-7fdb83ae",3,"",19.71
675,"131db8a7-0da6f1cc",1,"q",20.1
676,"1136e848-28282fe0",1,"a",19.86
677,"111ddfcb-f3f8f7d2",3,"",19.8
678,"1391b29a-54dd4d9b",3,"",20.32
679,"0c775a1a-4f7ad1e4",4,"",36.8
680,"0b228400-ed7aa358",1,"d",19.01
681,"10cfd088-90385f59",4,"",34.81
682,"12ef2c75-84a7b643",1,"q",18.87
683,"1220d324-59b0d637",3,"",19.13
684,"1213a39e-a7936cf1",2,"",12.82
685,"119f21d5-31aa6bb6",3,"",18.96
686,"1033005c-df0cfd69",1,"q",18.84
687,"0b91b26d-2d0f5e80",3,"",20.03
688,"12c7c52f-d6bb6cef",1,"",19.36
689,"11c85011-63c4b94c",4,"",33.92
690,"0a4ef631-6a2cae37",4,"",38.3
691,"13796ade-27cebc03",3,"",19.56
692,"100a3dd7-edc04608",1,"q",18.99
693,"0ab48bce-b22afc10",1,"h",19.7
694,"129ea8c8-80129f9b",1,"q",19.17
695,"14969e1e-055033e1",4,"",39.54
696,"143c43d3-43c06508",1,"q",25.45
697,"10a99d63-6b137451",1,"f",19.54
698,"10c3a8f6-af40f230",3,"",19.75
699,"1108435e-a66a5bd9",3,"",20.11
700,"128ebc74-ae23d744",1,"s",18.26
701,"14763895-f405c817",3,"",19.69
702,"121b3cea-972c6d2c",3,"",13.96
703,"135a9354-3c1d7523",1,"q",20.54
704,"0acd25d7-3b21984a",3,"",29.21
705,"0a9fa549-8ed0921d",1,"q",19.0
706,"14c24fe0-24603d3e",1,"q",18.6
707,"114e578a-47a24858",1,"q",20.87
708,"1434a72c-655e983f",1,"f",19.58
709,"0b2ea587-0b9240b3",1,"o",20.92
710,"0af99ed6-252c770e",3,"",19.77
711,"12772a6e-4a3ee382",1,"q",19.8
712,"134b1055-ab8226f8",1,"d",19.59
713,"12f37766-8e36a1f4",1,"o",19.63
714,"10d36198-146d0ca2",1,"q",18.98
715,"143f5d2c-7abb376b",3,"",18.07
716,"0fa91e8c-e1e98e63",1,"q",19.4
717,"14b8a307-49cbd0db",3,"",19.44
718,"0b84641a-2c1532fd",1,"g",19.59
719,"133a443d-88a3020f",1,"q",20.06
720,"11b47a8a-24a77ef8",1,"q",22.38
721,"0a8155a9-57f33092",1,"t",20.6
722,"14665c9a-9dbbde51",4,"",38.41
723,"14942896-ea3755fc",1,"q",19.29
724,"0ab1b9e8-fa380a2a",3,"",19.78
725,"1041f776-fcce9b98",2,"",18.77
726,"11bfabe9-7da97da7",3,"",20.69
727,"0bf1c902-d84fa0fa",4,"",37.54
728,"0cd03801-6a226ab9",1,"t",18.03
729,"0bf28365-f426185c",3,"",18.86
730,"0c2a51f7-f9417ba1",3,"",19.57
731,"0c8cbbf9-c3bde0a5",3,"",20.61
732,"0bf91dc7-620f4b74",1,"q",19.84
733,"0c140522-57d3aac5",3,"",20.26
734,"12b071b9-d252755c",1,"q",20.12
735,"119e8fd0-ae1ccbed",3,"",19.75
736,"0b01ff2a-3f7c8fa6",1,"o",20.93
737,"13799e13-2254521b",1,"t",18.55
738,"0cc6f7a9-6083566a",1,"q",20.19
739,"1113f256-6b6cedef",3,"",19.88
740,"11513e3d-63279d59",1,"q",19.96
741,"130db22b-5c2dc23a",1,"q",18.64
742,"0c2f33b9-f94d69b5",1,"q",20.06
743,"14136b96-c8f81a0a",3,"",18.05
744,"0cadd633-3651a3f3",1,"q",21.32
745,"0a649d81-cbee318e",3,"",20.13
746,"10cabd0e-29e64d0c",1,"q",20.93
747,"11e90e4b-6659e8ee",1,"q",21.21
748,"133e8c9b-17142ecd",1,"s",19.44
749,"11bfabe9-4814e710",3,"",20.54
750,"10c3a8f6-4942829b",3,"",19.98
751,"0cbcfce7-bc97fd91",3,"",19.99
752,"0ace96c3-8dc21565",1,"g",19.07
753,"1160f544-55292d71",1,"f",30.02
754,"13041e31-6d5e3c54",3,"",20.09
755,"11efd6f3-d6f1bb31",2,"",20.54
756,"12a25e22-7b55d2fa",3,"",18.79
757,"100f050c-577cc751",1,"f",25.88
758,"1337f4dd-ab3b187e",4,"",39.92
759,"1407449b-06aaf28b",3,"",21.39
760,"0ca5c43b-7bf1618e",4,"",37.91
761,"14b824f6-c6df4ea0",1,"q",18.16
762,"125134e5-5cfb617d",1,"q",19.24
763,"10a18a70-851b463c",2,"",10.99
764,"0b833acc-10f2c289",3,"",19.11
765,"121f7fbc-4a090308",4,"",38.67
766,"0cc8aed6-12202758",4,"",19.81
767,"12595fc5-91e20075",2,"",28.34
768,"1017ef7a-e90255eb",2,"e",29.32
769,"10b8c492-20e30768",2,"",1.86
770,"10391e15-2d8173b3",1,"o",18.08
771,"14b824f6-b0e90183",2,"",22.35
772,"121f7fbc-4105d781",4,"",26.68
773,"10e0e66d-22c8c1cb",1,"r",25.25
774,"0a5b6b75-b5beaa44",4,"",27.3
775,"1347a204-52155142",4,"",20.36
776,"12a7dbfe-a9bb7779",3,"",19.56
777,"129833be-f2be8e39",3,"",34.25
778,"100f050c-59d6b80d",1,"F",19.03
779,"10fa3de1-9336637a",1,"Q",20.35
780,"10038781-381e164d",4,"",38.33
781,"11fa3e35-a4d5f5e2",1,"Q",18.6
782,"0a50c21f-7ce4c307",4,"",39.21
783,"0ab179b7-73f29de9",1,"S",26.27
784,"13f87f0e-451dc422",4,"",36.48
785,"0a594137-6e8ba4a6",1,"O",20.4
786,"11fb4e6e-74a5e584",3,"",20.14
787,"0c81ee49-93738b9d",1,"Q",21.69
788,"10af4b8b-d876ce50",2,"",19.3
789,"0a800f65-5ee96eb0",3,"",19.8
790,"0a493f24-352f747e",3,"",19.79
791,"12dab23b-c8087aa8",3,"",29.7
792,"0b2f825d-e7ec615f",1,"Q",20.74
793,"11467625-96b0a7e0",1,"Q",20.75
794,"0ad67e35-56935819",3,"",20.97
795,"10957f92-decb28ea",3,"",18.69
796,"0fc756fc-a8b6aff0",1,"F",17.65
797,"12c1bdb3-8584e6f3",4,"",39.69
798,"0c9a1af8-dd3b8b7c",3,"",19.93
799,"1185d947-074d622e",3,"",19.79
800,"10adbb67-e003311e",1,"T",19.96
801,"0b392d27-4ce0684d",1,"F",20.05
802,"10ee3eb0-c205ee54",1,"F",19.65
803,"10c868d4-e8e36329",1,"Q",19.13
804,"0fcd2cf0-c6bce604",3,"",19.09
805,"11c9c796-54d92870",3,"",19.62
806,"11ded96e-d01d90e8",1,"Q",19.36
807,"107e165f-1f7983b1",3,"",20.17
808,"12317f4f-59be575f",3,"",19.64
809,"124c7772-efeb2f24",1,"P",19.37
810,"12eed68d-42d3c8e0",3,"",19.67
811,"0cc71303-cf5d7ab2",1,"Q",20.18
812,"0cc71303-fcb81089",3,"",32.78
813,"0b0e1eb1-399a3892",1,"E",20.11
814,"137460d7-d99eba62",3,"",20.48
815,"12fee2da-e253d389",1,"q",21.82
816,"0ac7df0b-e18be171",1,"o",19.75
817,"0c45e7f1-490282bf",2,"",20.16
818,"14899ed9-ef73657a",3,"",20.83
819,"0a7cbfc6-469c9037",1,"q",20.03
820,"10623982-570b5eac",3,"",21.47
821,"0cc71303-4a16481d",3,"",21.02
822,"0c1eebb0-cbc2eb91",3,"",19.74
823,"132f36a5-3e7891ae",3,"",21.36
824,"13041e31-34ca4a5f",1,"g",19.96
825,"0bbb23ca-eb134383",1,"s",19.3
826,"10a327b0-2d220d35",3,"",20.15
827,"0aadb8cc-ca9127fe",2,"",18.05
828,"1463dea8-2a4b01d0",3,"",20.43
829,"10039792-238ba3e1",1,"f",19.37
830,"104dc705-cc0d2564",1,"f",21.35
831,"14a34b0d-36f4de12",3,"",19.63
832,"104dc705-3ccd710d",1,"q",19.19
833,"1108435e-b2766f90",3,"",21.1
834,"117138e4-033d0d25",2,"",20.61
835,"1380820f-6a5e1c3e",3,"",20.72
836,"10d36198-c7304768",1,"q",19.95
837,"146a9c5d-48c9d985",3,"",20.55
838,"0fd7ea11-5bf7add4",3,"q",20.59
839,"0a987fbc-5adf2bca",3,"",20.64
840,"0c13b339-aa4c659e",1,"s",19.06
841,"0c6c4570-5e0537e5",3,"",20.51
842,"0a848040-9b14805c",1,"o",20.04
843,"149d37b6-9e457a59",3,"",20.32
844,"111d2983-a2d76f95",1,"s",20.32
845,"10fc5fdb-f0fee925",2,"",18.66
846,"10fa3de1-54566bd3",1,"s",18.28
847,"12fd9be5-9a9a2d00",3,"",16.93
848,"11659c5d-2b5fe71d",1,"q",18.82
849,"13e1012d-1c0895b2",4,"",38.33
850,"10c72910-55102d2f",3,"",19.76
851,"10d37848-ac6e84ec",3,"",19.84
852,"0ac47490-b6778960",3,"",19.25
853,"0c0f3d8e-44d6a26d",1,"f",19.63
854,"149d37b6-6565e211",3,"",20.67
855,"12966b1b-85e27a58",1,"q",20.07
856,"13a4e4da-79b560a3",1,"s",20.78
857,"11c85011-e6e6faa3",3,"",19.65
858,"0b833acc-7d592423",1,"f",19.18
859,"1247ac44-765abcb0",1,"q",20.37
860,"1059840e-b6090d3c",3,"",20.19
861,"133a443d-302f6097",1,"q",19.36
862,"0c7c9049-7e4e5ed5",3,"",18.93
863,"0c803bb1-9062013d",4,"",39.09
864,"0b8d1c37-f2105bb2",3,"",21.09
865,"112687b6-13bc694a",3,"",19.49
866,"103b71c6-4d687751",1,"q",19.45
867,"11607bb9-8473aa7c",3,"",20.49
868,"1004b27a-c30299b5",3,"",22.06
869,"0a7115d2-a4b9a0d8",3,"",19.65
870,"0a4492aa-d7472a91",3,"",20.0
871,"13ec3c27-db183380",1,"f",20.12
872,"0cc71303-4995d79c",3,"",19.59
873,"0b228400-f829aaa5",3,"",21.36
874,"1367ebb1-6e635bc9",4,"",37.2
875,"12076ebb-f01cecce",3,"",20.71
876,"0bed936e-6663282a",3,"",33.64
877,"0b0fa35c-5d8e2982",1,"q",20.07
878,"135531d4-49609a88",3,"",19.39
879,"124c7772-308b13ef",3,"",19.28
880,"1398c3cd-3d479d26",3,"",20.05
881,"12076ebb-fbf8a2ef",1,"q",19.92
882,"13b9c797-b6106308",1,"s",19.13
883,"0c87bee1-1c7c8fe4",4,"",39.83
884,"0c37f221-5a7bf4fb",3,"",18.33
885,"0b2bed67-0c752272",3,"",8.16
886,"0b68e992-ac6161ca",1,"e",17.86
887,"0cc17242-8b63b5ef",1,"o",18.29
888,"0b630871-f0d16c26",3,"",17.48
889,"0cbdb4c2-4206be70",4,"",40.14
890,"1407449b-ede71c13",2,"",11.74
891,"0ba08c2d-abd86d01",3,"",20.75
892,"12c1bdb3-1bf35dac",1,"q",20.09
893,"0b91b26d-5d04b8de",3,"",19.91
894,"0b22ff59-1a16b608",3,"",18.76
895,"0c30d205-35384df0",3,"",19.45
896,"12657f6d-43308ff8",3,"",19.4
897,"10068d4b-2935b5bb",1,"t",19.63
898,"0c005860-df3ef7d3",4,"",37.87
899,"1038168f-57e09fec",3,"",20.65
900,"13b306d7-5d25a761",3,"",21.23
901,"12fa635f-81538467",1,"q",20.57
902,"12aebffc-24bc19af",1,"q",21.16
903,"13796ade-097d1f83",1,"q",19.33
904,"0b1afd00-2bb20983",3,"",20.4
905,"0cc71303-b41eaea3",3,"",20.45
906,"0b6d7f5b-d1fa6fe5",1,"q",19.16
907,"0b6369c6-245bece9",3,"",21.27
908,"13ff2e36-2301a60e",3,"",17.03
909,"0b1899db-35fc45a1",1,"j",18.8
910,"0bef1c4f-752e7be6",1,"t",19.33
911,"0a90564e-36074e18",1,"q",21.19
912,"0b630871-4bb06884",1,"q",19.36
913,"11af6b4c-4d1af7af",1,"q",19.81
914,"10a327b0-004a8488",3,"",19.2
915,"0bbb23ca-884c0910",4,"q",37.31
916,"11080a49-83aab1a1",1,"q",20.82
917,"12e1df52-3b40bdd4",1,"g",19.93
918,"0ae12f26-78967190",1,"j",18.58
919,"0c1d07e3-a3f01761",3,"",20.18
920,"14572abd-b6070a81",4,"",37.29
921,"10425a11-febf988c",1,"h",20.99
922,"0cccba64-e38d7dd3",1,"q",18.3
923,"1447fd10-bb59bd13",2,"",19.55
924,"0b9c0b53-5141b893",4,"",38.52
925,"12dd3733-babd81ef",3,"",34.6
926,"101a0964-db9edd10",3,"",18.66
927,"0fbff64c-35b64b9b",1,"q",20.47
928,"10db12e7-c4d6b097",3,"",20.74
929,"1370e43f-7bd6b8be",1,"s",19.5
930,"14bac533-8ff89cb3",1,"s",19.71
931,"14859690-5c35db0c",1,"q",18.71
932,"0a6966b1-ee9ded94",1,"j",19.78
933,"120b754f-9614b050",4,"",37.31
934,"0c13b339-f7b2a3fe",3,"",19.54
935,"135500c3-4793f271",4,"f",40.14
936,"10545e32-a25b494c",1,"o",18.44
937,"0b9cf19a-8e02c78d",3,"",19.08
938,"122fb076-70e7edce",1,"Q",19.08
939,"0a9d03d6-02ea8201",1,"Q",20.17
940,"0a454654-6c2943bb",3,"",20.2
941,"1391b29a-14a5ded4",1,"Q",19.78
942,"14bdb3d2-257068c4",1,"Q",20.33
943,"12da8593-780d421a",1,"O",19.67
944,"0cae8c30-1054012c",1,"T",17.42
945,"11d522ff-fc5d6747",1,"D",19.84
946,"0ac20953-2830f7c0",3,"",19.19
947,"0ad67e35-a0dcb000",1,"Q",18.68
948,"13e1012d-ca99099e",3,"",32.98
949,"1112ad24-471cb5d9",3,"",20.27
950,"12ba9f53-5f545681",1,"Q",21.88
951,"0c140522-227e6f11",3,"Q",21.31
952,"133a443d-108c2154",1,"T",19.73
953,"11c5dbd4-809028f4",3,"",28.51
954,"12696364-222906e9",3,"",19.48
955,"109a916a-4dd11506",3,"",20.74
956,"119b71aa-3ca5b095",3,"",20.59
957,"12fee2da-5ac4c7c0",1,"Q",19.53
958,"1477593b-a5217d4c",3,"",20.67
959,"1150fe97-fcdffbce",1,"F",20.51
960,"11c5f577-f5060e54",3,"",20.99
961,"10eb7116-638f72f4",3,"",19.84
962,"1220fed4-d61f3654",1,"Q",19.5
963,"0a765e5c-52776659",3,"",21.26
964,"11e1a5e4-ce4131c6",3,"",19.7
965,"13f7f0bf-82bb9fb7",1,"T",19.19
966,"1370e43f-5bdc074c",1,"T",19.17
967,"0ad99aa9-20ddd733",1,"S",19.97
968,"0ad67e35-8628df27",1,"Q",17.97
969,"147745bb-99af0e39",3,"",19.3
970,"0ce9abb1-04bba55e",1,"Q",18.72
971,"1073f0d3-e6ddf1f2",3,"",19.25
972,"14b824f6-723f748c",4,"",36.33
973,"12d9ddbb-bae765bf",3,"",19.48
974,"11252e47-37d7c18e",1,"t",19.4
975,"131ad5e0-7cf99ef6",4,"",38.68
976,"0c42458a-74d111ae",4,"",36.71
977,"0ce9abb1-21b79a50",3,"",20.34
978,"14b8a307-668d597c",3,"",19.84
979,"1039e5b8-4bf3f9ef",1,"q",20.43
980,"133ec15a-7c8a2c88",3,"",19.53
981,"107e165f-da503b59",3,"",20.67
982,"1213a39e-4ec7504a",4,"",38.49
983,"0a557632-bf00da5f",1,"q",19.87
984,"12c1bdb3-41039c71",3,"",20.38
985,"10b29d06-9a296ff4",3,"",22.21
986,"0c44aaea-6dcbafad",3,"q",20.56
987,"147445a7-f631f18d",3,"",19.11
988,"101c9c8b-738ae7ec",3,"",19.76
989,"1017ef7a-e8fca914",3,"",19.1
990,"144b01ee-a32054c7",3,"",19.95
991,"0a9858f3-8712048f",3,"",21.09
992,"0ab51228-b0439727",1,"f",19.94
993,"10096e1c-a7448ded",1,"q",19.86
994,"12760eaf-8ed345f4",1,"q",17.32
995,"0c91c363-9e274ad1",1,"q",19.91
996,"11d8a300-b60dc2fa",3,"",19.79
997,"0c37f221-0b34c3cd",1,"g",20.57
998,"0cbdd20d-6ce7dfa3",3,"",19.84
999,"10841e7b-7040143d",3,"",19.88
1000,"0c8d4258-6f9554c0",3,"",18.95
1001,"0cb7fe1d-ac1ff599",4,"",39.59
1002,"10ec4581-0bb1de65",1,"t",20.44
1003,"14b824f6-a12df927",1,"q",16.44
1004,"11bfabe9-63b462ac",3,"",30.3
1005,"100f8948-185964dd",4,"",37.37
1006,"101002a3-af1f7874",4,"",38.56
1007,"135a9354-05d789d2",4,"",37.75
1008,"11c5f577-c21d45b7",3,"",19.37
1009,"110c9575-4c5be030",3,"",20.51
1010,"0c3407af-25f7b68a",3,"",20.18
1011,"0cc6f7a9-b6f8d39e",4,"",38.77
1012,"10a7fd8d-ee4e4d2f",3,"",21.02
1013,"12bf2cad-7542e999",2,"",18.36
1014,"11099d3a-d44ab1b5",4,"",38.12
1015,"1236ceb8-7c99a47a",3,"",19.9
1016,"119e8fd0-9c4b9b95",4,"",36.07
1017,"0cb25a5c-f3986835",1,"q",24.7
1018,"11378a08-b4f60236",4,"",37.73
1019,"12089263-6c0933ba",1,"s",18.35
1020,"104c5b1e-11cc0505",3,"",23.87
1021,"0b7ed7b9-7cf25a7b",4,"",39.37
1022,"14288818-a3e8421e",3,"",20.7
1023,"143d1af5-59c3e720",2,"",16.2
1024,"13ecf73d-28ac4040",1,"t",20.52
1025,"0bd4fbef-673efc2d",1,"q",19.88
1026,"114974df-7f551885",4,"",39.06
1027,"0cb98c04-4b4c989e",4,"",39.75
1028,"1015e05f-83f9f562",1,"q",33.47
1029,"0c7c9049-ad7f8be3",3,"",20.08
1030,"0c34273d-87a7edaa",1,"q",20.48
1031,"0c2f33b9-8361f99f",1,"q",19.74
1032,"0b22ff59-d3d33b8b",3,"",19.99
1033,"148a9ff7-e89f0907",1,"q",28.55
1034,"117a25ea-2529cbdc",2,"",19.43
1035,"12e4568a-1a7a65af",3,"",20.02
1036,"1337f4dd-d686ded0",4,"",39.71
1037,"0ac20953-3ebb3335",3,"",19.65
1038,"100cdca4-5900e03d",3,"",20.02
1039,"0fba84f9-73b520ee",3,"",19.91
1040,"0beff145-93a9ceeb",3,"",19.97
1041,"1150fe97-4644a5d3",2,"",19.33
1042,"1303b46e-b2f428bd",3,"",20.46
1043,"14969583-305df8fd",1,"f",20.98
1044,"0c2a5664-72e9c581",1,"q",23.91
1045,"12449ff6-a2871094",1,"q",20.77
1046,"14791d37-55c650d2",3,"",19.81
1047,"10a8a6e8-609c5e12",3,"",30.7
1048,"10a327b0-5f5ebf66",3,"",28.41
1049,"0c4103d5-f1be5f3f",3,"",20.59
1050,"126e2493-9876716c",1,"q",18.98
1051,"1292244b-e425e3a1",1,"q",20.14
1052,"1391b29a-473797c4",4,"",38.59
1053,"0cdd0b65-7f73759a",1,"f",19.86
1054,"10c868d4-1bd3df47",1,"d",19.27
1055,"143c8b69-86711c06",3,"",19.94
1056,"0cccba64-0572b5dc",3,"",18.56
1057,"0bc5787f-b7221d49",2,"",19.81
1058,"13da2ce3-3e3de2b0",1,"j",20.03
1059,"112b121a-7915c50a",1,"q",20.41
1060,"0c60bf43-b92dc425",3,"",19.41
1061,"0b90f293-089b918a",1,"h",19.86
1062,"0c96e121-8398710b",1,"q",18.96
1063,"0fd16d75-c44f0ef4",3,"",19.97
1064,"0c894a07-012172fc",1,"q",20.05
1065,"14ac7c59-d904d83c",4,"",37.51
1066,"0c648d70-8acca578",4,"",39.38
1067,"14c24fe0-a0611430",4,"",38.75
1068,"12011d41-208b652b",3,"",19.72
1069,"10a3452f-1ea052fc",3,"",20.37
1070,"147745bb-f8c17b94",1,"q",19.66
1071,"108d0847-0ca7a050",3,"",20.63
1072,"13dcefd6-8b81ace7",3,"",19.7
1073,"131b0945-4813d063",4,"",39.08
1074,"10af4b8b-06259a6c",3,"",19.45
1075,"1154d43f-3bfce20a",3,"",20.28
1076,"0b630871-05adf86a",1,"j",20.47
1077,"0bf8851e-c43ef9d2",1,"t",20.74
1078,"10f60db0-ee6d9de6",1,"q",20.05
1079,"12fee2da-9a643852",1,"q",21.97
1080,"0b91b26d-31da4174",2,"",20.15
1081,"1447fd10-165c3b4f",1,"d",19.61
1082,"10189cd7-85267002",3,"",20.3
1083,"0cb98c04-fb8a98a4",3,"",20.97
1084,"13daae50-e6d019f2",3,"",20.09
1085,"12dd7b8f-0cc70e52",1,"q",20.71
1086,"0cd9079a-ca3c4af8",1,"s",20.84
1087,"1294a00a-b6139782",3,"",21.01
1088,"100a3dd7-d21b91d2",1,"q",20.08
1089,"115d5c1d-7f77339d",1,"g",19.45
1090,"131db8a7-1afcfc95",1,"q",29.3
1091,"11135450-bdfa9993",1,"f",19.11
1092,"126e2493-fa654f00",4,"",37.49
1093,"0b1bf6f2-ddbbc330",3,"",19.12
1094,"1177c1ab-463886b6",3,"",19.4
1095,"0cc71303-57ce07d9",3,"",19.43
1096,"123459c6-737930c6",3,"",19.97
1097,"0ce787d5-7656dfc2",1,"q",20.32
1098,"10a3452f-35365884",3,"",20.65
1099,"12e54e66-46a36058",3,"",19.15
1100,"0ab1b9e8-4222958e",2,"",19.91
1101,"0b4c8e1f-9a728696",4,"",38.67
1102,"11bfabe9-fcc80793",3,"",18.45
1103,"1222ac8f-12dd10d2",1,"t",35.42
1104,"0c0f3d8e-6bc3e50c",4,"",37.97
1105,"0b8d1c37-6c1d954e",3,"",20.9
1106,"10efbba4-606b4437",1,"y",20.41
1107,"1319e6ed-d0f3cad3",3,"",21.71
1108,"0b098a3e-492efacf",4,"",37.19
1109,"10096e1c-77d6873f",3,"",20.84
1110,"13081d41-6bc6d1e4",3,"",33.52
1111,"0a4d38c3-8f2ea1a7",3,"",21.14
1112,"11487784-d64ef08d",1,"q",19.09
1113,"11f8a662-083aee1f",4,"",27.47
1114,"0c96e121-43cf26ef",1,"q",16.5
1115,"0ab7430b-2e68a9d5",3,"",17.65
1116,"0c7b1a08-308fabfa",1,"q",16.23
1117,"135a9354-3eae8005",3,"q",15.82
1118,"114e578a-a0bb805e",4,"",27.74
1119,"105d4c36-ce342a24",3,"",17.57
1120,"1023edc1-e484bdb7",4,"",17.32
1121,"135a9354-1c504947",1,"q",17.28
1122,"1113ee7d-44d2eddc",3,"",15.71
1123,"0cdd0b65-de2876bb",1,"q",17.46
1124,"1393894e-c421dad2",3,"",16.18
1125,"1404988a-0d295cff",3,"",17.02
1126,"0b0b8474-ef07f89f",2,"",21.11
1127,"12011d41-11ab9859",4,"",29.77
1128,"138ff5f0-cc0186e8",4,"",0.0
1129,"0a50c21f-8dbacc21",4,"",33.05
1130,"1224364f-31d0655b",3,"",17.87
1131,"0a92a84e-d03c9696",3,"",16.26
1132,"0b4c8e1f-9071a98e",2,"",24.7
1133,"0a6dbe46-4e28b558",3,"",25.99
1134,"112c777f-4749af92",4,"",28.79
1135,"0ce9abb1-857ab875",3,"",15.39
1136,"133b4f4b-673a19c2",1,"q",16.86
1137,"0b4c8138-adfdfb43",3,"",17.45
1138,"146dfa8b-c0778e39",3,"",17.41
1139,"121f7fbc-08249914",1,"t",15.55
1140,"14791d37-6c221bd1",1,"q",14.33
1141,"0c07cd68-46b1d5db",4,"",40.41
1142,"0c7ccf61-75482780",2,"",10.73
1143,"143d9260-59a67960",1,"q",15.45
1144,"0a4411cf-e30aa257",4,"",34.81
1145,"0c833185-f0c9c164",1,"q",16.88
1146,"140f9663-4b56dc79",3,"",16.56
1147,"13b306d7-0732fad9",4,"",19.44
1148,"0cb98c04-8c2d84f2",3,"",20.21
1149,"0c86d1c5-2e0db5be",3,"",16.72
1150,"0c86d1c5-5daba15f",1,"q",16.1
1151,"0a765e5c-ecfdc16f",1,"s",19.51
1152,"1077c6d0-3b4e3931",4,"",24.07
1153,"11604cc2-2d927a88",3,"",17.78
1154,"1205709e-f3c972ac",4,"",23.03
1155,"10c8f3c5-678d5b85",3,"",16.6
1156,"0b248335-afe33bec",3,"",17.61
1157,"1017ef7a-1f4ea532",3,"",19.44
1158,"0c30d205-e7934ed3",4,"",26.12
1159,"12800db3-0c020c6e",1,"q",16.58
1160,"0fb3160b-a2f79c56",1,"q",16.77
1161,"110c9575-d76f1d58",4,"",21.54
1162,"13796ade-b4bcd515",2,"",19.98
1163,"0cc71303-07b12a90",4,"",26.55
1164,"10c3a8f6-319eb1b4",3,"",17.85
1165,"13ecc384-2853a601",4,"",33.98
1166,"12d8cf1c-5c77e17e",1,"j",17.02
1167,"0a987fbc-b9a867df",4,"",25.53
1168,"10d36198-12f41e1a",4,"",28.38
1169,"13ce5680-e5e88c39",1,"o",17.53
1170,"1007e118-049269f8",1,"o",17.9
1171,"0b3912a8-ac966f70",1,"d",17.83
1172,"138bcb6c-90a3bc06",1,"s",17.46
1173,"12851a15-8e290117",3,"",20.7
1174,"111e6b94-b981a40c",1,"f",20.12
1175,"0c8a2c79-ca4628a6",1,"t",19.99
1176,"1051d6cb-c6faaa4d",3,"",20.02
1177,"124c7772-62504e1d",1,"q",22.31
1178,"14689aed-d99ffd4a",4,"",22.99
1179,"147fe2b3-f8eaf8bd",3,"",19.4
1180,"0b39b2ea-ef540472",3,"",21.03
1181,"137bdc82-929d3da8",2,"",15.42
1182,"0b41c6d7-580a91af",4,"",25.0
1183,"10a16946-795fbcf1",1,"s",19.35
1184,"0c5e55a8-39882623",3,"",18.63
1185,"110c9575-f59c7fac",1,"s",19.32
1186,"135a9354-c68b1b82",1,"q",20.97
1187,"14b824f6-5f861e86",4,"",40.27
1188,"1391b29a-9e5a1580",3,"",19.0
1189,"12fc0f0e-d4dc5a4b",1,"e",20.08
1190,"14d1b1bf-e2ffa4c1",1,"q",19.47
1191,"0fbff64c-5a3f8ca9",4,"",25.28
1192,"0bd24251-cc93ae7c",3,"",20.43
1193,"12fee2da-78b1f3ea",1,"f",22.59
1194,"105b027f-f35d97e1",3,"",18.76
1195,"1125356f-b698b999",1,"q",20.34
1196,"12c28a91-cc176519",2,"",19.31
1197,"0ab72d5d-af77406b",1,"q",19.67
1198,"0b53476e-9d258f61",1,"q",19.54
1199,"0c30d205-1fcf5de3",1,"t",19.39
1200,"0ac58985-f1f6e541",1,"t",20.12
1201,"0bf1c902-ee543be5",4,"",30.84
1202,"10096e1c-588155d2",3,"",19.06
1203,"12e54e66-3095e4dc",1,"o",18.84
1204,"11f8a662-2fc1f849",3,"",20.02
1205,"12459369-53321b89",1,"f",19.96
1206,"1404fa63-506d78b2",3,"",19.73
1207,"13c011b3-c2aa9e24",4,"",21.38
1208,"14a53f23-b92209a0",1,"d",18.05
1209,"102982b4-90694e2d",1,"f",19.19
1210,"12a426a9-f902e676",4,"",31.28
1211,"0afb7706-1fddf2a5",4,"",24.36
1212,"0c4e4ef6-8bad16f3",1,"t",18.78
1213,"12459369-f53365ba",3,"",19.05
1214,"1125356f-edb7f7c8",4,"",25.26
1215,"104dc705-e1bb5e8e",3,"",20.21
1216,"134581f5-855a8398",4,"",28.82
1217,"10bd263e-adb5a5d3",1,"q",19.31
1218,"0b1721b1-950fddff",1,"f",19.1
1219,"101a0964-930eae70",3,"",21.15
1220,"137537d3-bd17d82d",1,"f",19.72
1221,"11bf7bec-31cf1eaa",4,"",27.11
1222,"0b8d4928-b4f80616",4,"",24.44
1223,"0b363c80-42165e68",1,"q",19.28
1224,"1368bf05-f9dd3783",4,"",26.73
1225,"1112ad24-209df161",1,"q",18.88
1226,"14b30f1a-d4136539",4,"",27.95
1227,"0b086427-1167d9f1",1,"t",19.18
1228,"0b4c8e1f-9efd79c9",4,"",25.51
1229,"12029549-bb578a1f",4,"",37.74
1230,"0cc6f7a9-1112b9dc",1,"t",24.88
1231,"107bc4d0-a430526f",1,"q",18.83
1232,"106194de-5c48b95e",1,"s",21.07
1233,"0a8368e0-abaca068",4,"",20.28
1234,"117f55ba-63d96139",4,"",29.46
1235,"14bac533-087871a7",4,"",26.15
1236,"1127dc70-11f0ac18",1,"t",19.09
1237,"11b47a8a-0dffe086",4,"",28.56
1238,"11808408-d6649ca4",4,"",27.6
1239,"0c6d870a-f2991621",1,"s",19.4
1240,"13220db9-e90e1f98",4,"",18.72
1241,"1108435e-6c4c39f4",3,"",18.73
1242,"10c868d4-ad3f3f23",4,"",33.0
1243,"0ae8208c-1b20bbc5",4,"",22.5
1244,"0a623783-cfbaf66f",3,"",19.76
1245,"108e1d6d-0dd55b6f",1,"q",19.42
1246,"1002a4f6-995b822a",1,"q",19.9
1247,"10b8c492-1d409f36",4,"",28.72
1248,"12f1cb99-7307a046",1,"q",16.28
1249,"0c639b9e-2f447867",4,"",23.65
1250,"0a594137-66f7cbe8",4,"",26.63
1251,"0c723f1a-74f38b83",4,"",24.44
1252,"149c3357-7fda9297",1,"q",16.17
1253,"0cc07488-08863628",1,"q",13.28
1254,"1393894e-548f06a8",4,"",24.27
1255,"120459a9-ceaff8fb",4,"",31.23
1256,"11bfabe9-357a4501",4,"",22.75
1257,"145171b9-66031e47",1,"i",17.6
1258,"0c8af716-b9bc337a",1,"q",17.57
1259,"13796ade-04e91bd7",1,"r",16.95
1260,"110c9575-a023613b",4,"",23.64
1261,"13ec3c27-3c620cad",1,"s",15.58
1262,"0b8d1c37-952dba30",3,"",17.75
1263,"0b1afd00-1f158b3e",3,"",17.65
1264,"1224364f-7a51e563",4,"",23.15
1265,"12a426a9-15e2bfeb",4,"",22.42
1266,"129ef67d-cb6131e3",1,"j",18.9
1267,"13d9cc5b-407d71e8",4,"",26.72
1268,"13c811ed-d3488a6b",3,"",15.66
1269,"1368bf05-6f387660",1,"s",16.74
1270,"10019395-a5d84132",4,"",25.16
1271,"0b4c8138-a1953ae5",4,"",23.4
1272,"0c140522-681c508d",3,"",17.33
1273,"0b498ab4-72282bc2",3,"",16.84
1274,"14c14db3-2c434435",1,"o",15.34
1275,"133a443d-21913418",4,"",21.86
1276,"14bdf1b4-de55061c",4,"",21.35
1277,"0c140522-190b25a3",4,"",24.67
1278,"145bc50b-3a9ade96",1,"q",16.43
1279,"10606fae-348403d6",3,"",12.36
1280,"0c774f7d-a8305951",3,"",15.44
1281,"1220ba12-ccb9287c",1,"q",16.22
1282,"0ace96c3-48481887",1,"g",15.62
1283,"14336c2a-0e38269c",1,"f",14.21
1284,"120b754f-a993170c",4,"",21.18
1285,"133a443d-b644901a",4,"",22.53
1286,"101afd78-17f5334a",1,"a",16.18
1287,"119e8fd0-b5e61a3c",1,"e",17.04
1288,"1334859b-b87436bc",3,"",15.44
1289,"108a315c-9711b49b",1,"i",18.62
1290,"0a689fe6-0a7fbfcd",2,"",17.25
1291,"1407449b-a0d3dcf0",3,"",15.73
1292,"112687b6-a7412ed8",1,"q",16.7
1293,"0c8ade29-4191b087",3,"",17.57
1294,"128b3f5b-c2776bb4",1,"g",17.52
1295,"11bfabe9-05a727ef",3,"",17.05
1296,"1371f6a6-46053308",4,"",27.34
1297,"10380cdd-efe17365",4,"",21.17
1298,"0a987fbc-d05dedd6",1,"q",15.52
1299,"13a2a75f-2b18e204",3,"",18.23
1300,"0a6de7b2-e5f63244",1,"g",17.78
1301,"1261ca3b-68437aa2",1,"w",17.2
1302,"12800db3-2d5c9e3c",4,"",21.96
1303,"104409d4-89b60b88",3,"",1.19
1304,"12029549-fb425865",4,"",26.93
1305,"136f1c91-5737eb93",3,"",14.32
1306,"0bd785cc-de69b433",3,"",15.19
1307,"12fbf62d-6ebb4fc2",3,"",14.44
1308,"11b47a8a-a2741304",3,"",17.49
1309,"126e2493-ccfe99a3",4,"",29.12
1310,"10094a6c-bb16e814",3,"",18.24
1311,"0aa842d5-d7d45d8f",1,"q",22.55
1312,"12011d41-cc62dd31",2,"",15.51
1313,"13796ade-e12adb3b",1,"s",17.25
1314,"0a890a0f-637ac0b2",2,"",16.54
1315,"0cdb6d7e-55d7c1d9",3,"",16.35
1316,"1477593b-32283f5e",1,"r",17.62
1317,"137e6989-1fece512",4,"",22.13
1318,"14afd639-4b7b22d8",1,"f",16.89
1319,"11fa3e35-3abddab2",3,"",16.86
1320,"125f42e7-3c06426e",3,"",16.79
1321,"104409d4-c9800471",4,"",23.02
1322,"10fc5fdb-dfbee909",4,"",17.88
1323,"13f7f0bf-93a9a73c",4,"",21.94
1324,"10545e32-2296da36",4,"",25.39
1325,"0b2f5d0d-8fddc1fc",1,"t",18.16
1326,"0c791f05-2275d44e",4,"",23.6
1327,"14540082-1c04c004",3,"",16.57
1328,"12530032-79fb4468",4,"",27.45
1329,"143b8968-550cf7aa",1,"q",17.43
1330,"127ac100-2e4ae2ee",4,"",25.5
1331,"14b824f6-8c5e2f8d",4,"",22.93
1332,"12c1bdb3-d55a39d4",1,"f",18.3
1333,"12c1bdb3-d55a39d4",1,"f",18.5
1334,"0ac47490-8f58156a",3,"",14.5
1335,"10380cdd-1c8357eb",4,"",26.54
1336,"0c1eebb0-dbb11761",3,"",15.44
1337,"111fa4e7-f12e1a38",3,"",15.09
1338,"117f6ff1-95b3686c",2,"",13.08
1339,"1213a39e-47fb94a4",4,"",22.16
1340,"12762ebf-178e7fd6",1,"o",18.03
1341,"12db9bf7-fc7092f9",1,"f",17.01
1342,"13c7cf78-c00e37b3",3,"",16.21
1343,"0b9ecf40-0cc71bee",3,"",15.19
1344,"12cf075a-f9054e11",1,"q",15.16
1345,"0b01ca80-852faffa",2,"",16.4
1346,"0c154337-09dd2a21",1,"t",18.83
1347,"10189cd7-7a70b244",4,"",26.81
1348,"113e160a-d775c7f1",3,"",28.15
1349,"1a4d08f6-d989ecfb",4,"",26.65
1350,"1b883059-d1dc95a9",3,"",16.98
1351,"1b162169-b05c9ad0",4,"",30.9
1352,"1a8286c2-11ffd7b4",1,"q",32.13
1353,"19e19f18-f4b8a4e5",3,"r",19.35
1354,"1a44649f-d2d76e47",3,"",19.46
1355,"1abbe94b-c840d3b2",3,"",19.13
1356,"1b3da699-f112b364",1,"y",19.88
1357,"1a8d12f7-ef5ca717",4,"",17.91
1358,"1a8bda28-f6c4375a",4,"",24.34
1359,"19f1ad04-34f9bee3",4,"",20.04
1360,"1b1c89ca-95f13f1c",1,"r",18.83
1361,"1b7270d9-d45a719c",4,"",40.14
1362,"1a87e349-f82f2256",3,"",20.13
1363,"1a7cf499-5d67ee0f",1,"o",20.03
1364,"1c336a66-d062ab78",3,"",18.12
1365,"1b7270d9-39bc0a6b",4,"",20.5
1366,"1afb54b7-c6f6096e",4,"",38.46
1367,"1c5ae2bb-198ccbb7",1,"q",19.25
1368,"19e40aef-612a948c",2,"",23.55
1369,"1a05ea87-22519ccd",3,"",21.54
1370,"1b002152-c3e02ef1",1,"q",18.91
1371,"1b48a43c-0f3827d0",3,"",19.26
1372,"1b7e68ab-5f7abcdc",3,"",19.14
1373,"1a3dc8be-62d054ea",1,"f",21.33
1374,"1bb2df55-2815f001",4,"",29.44
1375,"1b8ec7c5-453d823a",1,"q",18.86
1376,"1be30f36-d6303ceb",3,"",16.86
1377,"1a76487a-6d6dc636",1,"q",16.62
1378,"1c227a12-10e5552c",4,"",28.16
1379,"1bc2a99e-01ce3966",3,"",16.44
1380,"1b72216a-f6a15455",1,"i",16.19
1381,"1b3d412f-5a46c531",4,"",24.16
1382,"1a863fd6-f636e52e",1,"a",17.42
1383,"19fd8c7d-d4e9a4bd",4,"",24.57
1384,"1a61f101-db4b4f36",3,"",16.25
1385,"1a2f2112-f566a272",3,"",17.5
1386,"1a8d12f7-c56db6cd",1,"q",15.94
1387,"1c1f26a3-5c3fc503",3,"q",18.14
1388,"1b452625-232de0f9",1,"t",16.93
1389,"1a8d12f7-a9d56367",4,"",26.06
1390,"1bd12357-af5858ab",2,"",15.9
1391,"1badf0a5-a882ed46",4,"",26.82
1392,"1ac73a1f-20dfc834",3,"",17.89
1393,"1bf03fd3-25b8df37",4,"",27.93
1394,"1b508ef4-a2b16916",4,"",28.38
1395,"19eb4414-de67930b",1,"f",17.79
1396,"1b508ef4-79a56787",2,"",17.39
1397,"1b8cdf12-83b6f9d9",1,"j",16.58
1398,"1ae8e362-c0a0953c",1,"q",16.13
1399,"1aa068bb-f453e287",4,"",25.99
1400,"1a61ca0c-458db004",1,"q",16.96
1401,"1b508ef4-4224b299",4,"",27.3
1402,"1c5e9657-2e2a2863",4,"",33.13
1403,"1a90eb44-f1679a34",1,"e",18.08
1404,"1a7df43e-e4d4c005",4,"",28.04
1405,"1bf03fd3-eecbad75",4,"",25.49
1406,"1b72216a-a5dfce6f",4,"",25.36
1407,"1ace8368-4b3a6409",3,"",17.76
1408,"1a10e434-459638f5",4,"",26.71
1409,"1a6d1bda-5f5c7c31",3,"",16.97
1410,"1c1ea16f-08cf6636",1,"t",22.07
1411,"1ac6f2f2-e9f808f9",4,"",28.97
1412,"1c22af9e-ea98b1d5",4,"",28.27
1413,"1beed53f-b2c9819f",4,"",40.06
1414,"1b7270d9-cef46b89",1,"j",16.92
1415,"19e40aef-b4a95cc9",1,"j",14.7
1416,"1bb2df55-52b38d56",4,"",17.33
1417,"1ab901af-ab18a170",4,"",22.97
1418,"1c26e0ec-05ede6ac",1,"q",15.06
1419,"1aa6dd36-7ca1967a",4,"",27.84
1420,"1bf03fd3-28431749",3,"",18.57
1421,"19e8c803-bf65a441",1,"f",17.09
1422,"1b3d412f-5ff082aa",1,"e",17.92
1423,"1a5d4938-d2818283",1,"s",17.68
1424,"19d8828c-24da3877",3,"",16.92
1425,"1bbe313d-fdd7b26f",4,"",25.48
1426,"1b276558-040abe79",1,"u",19.06
1427,"1a970cea-549d5821",3,"",15.65
1428,"1b546ac6-fea73de0",4,"",25.38
1429,"1a5d0011-88de8a10",3,"",26.86
1430,"1a8e93ee-07c16665",1,"q",16.3
1431,"1b452625-232de0f9",1,"t",16.95
1432,"26b4ee77-fc20b04b",4,"",33.4
1433,"1bf4bbc2-0f1f4a3b",2,"",13.57
1434,"263e7091-1187af5b",4,"",24.71
1435,"27eceae3-556b9b9f",4,"",29.33
1436,"272c0345-1ada304d",3,"",17.13
1437,"26e0099b-0cbd1508",1,"j",15.29
1438,"280aa239-3757cacb",4,"",27.43
1439,"27a1074c-c27075c0",1,"f",19.14
1440,"1c5ec9cb-ac0cc8ac",3,"",19.95
1441,"2677613c-c30d0b20",2,"",30.23
1442,"282beacc-749d0f59",3,"",19.15
1443,"2880b229-d27d5285",4,"",39.18
1444,"1c443cdd-49618f2c",3,"",20.74
1445,"2782b2d4-cdcb4c08",4,"",18.37
1446,"1bda5a26-420ceea6",1,"q",19.57
1447,"1bf03fd3-ba67e18b",4,"",40.36
1448,"273f19b2-f4102ebf",4,"",29.37
1449,"2796cfe3-9b4d6217",1,"q",20.23
1450,"28ae6b92-37850305",3,"",18.87
1451,"286538be-dc6003b1",3,"",19.86
1452,"19f675a8-5300243d",3,"",19.82
1453,"27a8d380-3773d4b1",3,"",19.7
1454,"272cd572-f7289b9d",4,"",18.95
1455,"28baa6f4-692325c0",4,"",27.49
1456,"1bf03fd3-bc8330e6",3,"",18.79
1457,"275d28b7-ec009107",2,"",16.95
1458,"27125cf8-dcde06db",1,"q",19.48
1459,"26e2ae72-cac19d80",3,"",37.79
1460,"2890344b-4377e24b",1,"f",19.28
1461,"281b8469-686ba3e0",3,"",20.02
1462,"1ac4e4cd-6e243504",1,"q",22.68
1463,"28977da4-85c4b295",3,"",18.91
1464,"2650e4d8-1f4ba57c",3,"",19.4
1465,"1a788a4c-ea90ff67",2,"",19.36
1466,"27ad042c-62e782ba",4,"",38.91
1467,"285864fd-e5c8c676",1,"q",20.26
1468,"2782b2d4-6ea256ed",4,"",14.09
1469,"1aa41265-a89ad4f3",3,"",20.04
1470,"2682396b-679a540d",1,"q",19.6
1471,"1a5d0011-c34c50cc",1,"f",19.98
1472,"1bdb6097-52ab2d3f",1,"h",20.75
1473,"2827331a-ba15b534",3,"",19.02
1474,"26def60e-cfdd662f",4,"",24.34
1475,"2777ef21-c83650a4",1,"o",20.11
1476,"277bcefd-7673d922",4,"",21.97
1477,"277f5469-e1adfc35",4,"",40.31
1478,"1b12afc0-770a043f",3,"",19.29
1479,"277bcefd-41157fdb",3,"",19.59
1480,"27efda05-43dec764",2,"",33.78
1481,"26fafbba-1c233842",4,"",28.01
1482,"26f09890-d03e87ac",2,"",18.5
1483,"279b882c-3cf43a58",2,"",19.1
1484,"1bbd387f-e90d31e8",4,"",23.01
1485,"27e3edc7-7bc272aa",3,"",20.2
1486,"1b29850c-733b8d8d",4,"",22.9
1487,"1c227a12-ec67af93",3,"",18.4
1488,"274a0490-7d65d208",4,"",24.85
1489,"1c2a60fd-87d1bf52",4,"",25.35
1490,"1b3534cd-4bf64c1a",1,"e",17.7
1491,"27dd9e2d-c7fc20af",4,"",6.95
1492,"1b72216a-b3020f66",1,"s",15.29
1493,"27609627-a3de1aa6",4,"",22.19
1494,"27114f20-e3961a63",4,"",19.59
1495,"1a4d08f6-aec85e96",1,"o",14.88
1496,"268d2a67-59a30105",4,"",3.68
1497,"1a4f33bf-ff2386c8",1,"o",16.49
1498,"27e3edc7-7052bdc9",4,"",22.32
1499,"2752681a-e813599a",4,"",20.73
1500,"2702df1f-faf5516e",4,"",21.81
1501,"1a2cd248-87d71e98",4,"",21.06
1502,"1bf0b532-6ab62acf",3,"",15.63
1503,"1c20ca7a-b966010e",4,"",21.05
1504,"270489de-7d942fdf",4,"",24.4
1505,"1c3c2e38-20748a07",4,"",21.74
1506,"26f4afd7-1a274a26",4,"",25.83
1507,"27d2f22e-14fd9edc",4,"",22.23
1508,"1ac4e4cd-50b3993d",4,"",23.57
1509,"28948050-5f63728a",4,"",23.65
1510,"1c20ca7a-14f7d678",4,"",25.43
1511,"1b41d416-f96706f7",1,"s",16.0
1512,"26354f19-cb70b7ef",4,"",25.37
1513,"26b1d7ee-85f00601",4,"",26.29
1514,"1a63c3c1-123bf12b",3,"",22.66
1515,"26864e86-98ae07a4",4,"",24.33
1516,"26e2ae72-c7eae5dc",4,"",22.16
1517,"2778ff9b-01f0f42b",4,"",24.86
1518,"1bf03fd3-41e5a73a",4,"",22.92
1519,"1acc2350-c0a18a90",4,"",22.23
1520,"1b002152-03520d81",1,"s",17.55
1521,"2714e0ee-3a53c605",3,"",16.95
1522,"27b0ad23-7f15aa86",4,"",26.6
1523,"28779979-4e084597",4,"",23.77
1524,"19fedea6-0ea909f2",1,"e",17.55
1525,"27f635b5-9357b719",4,"",21.63
1526,"1bf03fd3-23242b66",4,"",22.35
1527,"282ad270-449af315",1,"s",17.49
1528,"268d2a67-8429a9c1",4,"",19.36
1529,"1aa36a55-127141c0",1,"s",14.98
1530,"1c20ca7a-e39e2f8a",4,"",26.39
1531,"27ce19f5-6807f151",1,"t",17.81
1532,"2837aa67-e19ecfbe",1,"q",17.5
1533,"26e27ffb-7e865eec",3,"",18.24
1534,"27507c6c-877df5c9",4,"",23.07
1535,"1aaf831d-c31b9f53",4,"",23.86
1536,"1c5bfa6e-d1f6494c",4,"",16.03
1537,"1bfd1ae2-6f3ce8c8",4,"",25.39
1538,"268d2a67-50fe4fe3",2,"",15.17
1539,"1c0ef77f-b8b177b5",1,"d",14.59
1540,"1a2a7bec-5c26b74d",4,"",23.32
1541,"1bf41bd7-3b31ed0e",1,"s",18.13
1542,"1abbe94b-624f46cf",3,"",18.39
1543,"28947269-795d4f2e",4,"",17.03
1544,"1b62fca1-0ee12bc5",3,"",16.82
1545,"1ae2d17c-7606a0ea",3,"",17.02
1546,"1a7df43e-28837d28",3,"",18.85
1547,"271498ec-0912232e",3,"",17.7
1548,"27ea4793-fd7c8926",4,"",23.73
1549,"2749620f-3a306a58",4,"",22.22
1550,"1b30f76f-95aa8a06",4,"",28.08
1551,"26c05790-bc78acb8",4,"",25.28
1552,"27234511-24b0e1d8",4,"",23.19
1553,"1bcce158-c81edb68",3,"",17.89
1554,"1a2f950b-6289c313",4,"",23.57
1555,"27af350c-60438b54",4,"",23.59
1556,"264b9ed7-1d0a5a60",4,"",25.49
1557,"1b546ac6-94713672",3,"",15.97
1558,"1b883059-913ecef4",4,"",21.48
1559,"26fafbba-e0476750",4,"",21.81
1560,"1b29850c-6924da25",4,"",21.91
1561,"27aa9484-a3e9f4e8",1,"e",17.11
1562,"285fb543-c4b915e7",3,"",17.3
1563,"2842432c-b0843566",1,"s",17.15
1564,"269a12ce-ab98eafa",4,"",21.76
1565,"1b86fca6-7f67bde5",1,"o",18.82
1566,"27c2b3af-492b985b",4,"",17.43
1567,"286d6d9d-e54040c8",3,"",17.32
1568,"2821e9df-ecb414bb",4,"",20.98
1569,"26b488ef-dc01cc23",4,"",24.81
1570,"2859107a-b513a3f7",3,"",18.73
1571,"2871fb39-30ad5032",4,"",24.36
1572,"1c22af9e-99ea0ace",4,"",28.31
1573,"1b883059-144b2678",4,"",15.4
1574,"2880b229-04ba71a0",4,"",21.72
1575,"27aba8c3-db0b8539",4,"",23.88
1576,"267c2c2a-7583930b",3,"",18.91
1577,"2845898f-a03bec9a",1,"s",16.9
1578,"2759c1ea-28003b1b",4,"",26.85
1579,"1bcd983b-e1747687",3,"",15.82
1580,"28b41476-df76e823",4,"",22.77
1581,"26b66cb8-3820ea1b",4,"",22.11
1582,"1a7c8281-7511260a",4,"",22.81
1583,"1bea596d-fd44c211",4,"",22.13
1584,"1b508ef4-85d3073c",1,"d",17.91
1585,"274a0490-2cae486f",4,"",31.74
1586,"2871fb39-1194898a",4,"",33.63
1587,"1b1c89ca-db61f933",2,"",16.74
1588,"277bcefd-eccd38ea",4,"",40.16
1589,"269b0ada-91797057",4,"",31.82
1590,"27af350c-59cf32cc",3,"",17.43
1591,"2827f41c-8009f636",2,"",16.88
1592,"1b8ec7c5-4b5f99e2",3,"",13.99
1593,"263bfdd0-3873302f",2,"",29.64
1594,"2763dbcb-970e878b",1,"s",19.12
1595,"280335f3-57fd2875",3,"",19.09
1596,"272e1d83-782aecf6",4,"",29.43
1597,"28ad955f-0627393c",1,"q",20.14
1598,"1a957f57-95b86b42",1,"q",21.92
1599,"1a8286c2-8d848a85",3,"",19.27
1600,"27fbbb54-22542b09",1,"t",18.4
1601,"1a7f2258-544b278d",1,"h",20.29
1602,"2767bb94-22db4c88",1,"q",18.2
1603,"26e31dd6-96569c52",3,"",20.47
1604,"1bf03fd3-5a694316",4,"",23.86
1605,"26f2f012-4a0150b0",4,"",22.61
1606,"26be2a92-4d181065",1,"q",19.45
1607,"1ab901af-42df8303",4,"",14.39
1608,"19e40aef-58135da0",4,"",15.53
1609,"19d7eaa1-84c270d5",1,"f",18.82
1610,"1a94ab8c-7b02540b",1,"q",18.24
1611,"1b05d962-ab15eec8",1,"s",21.62
1612,"27648443-88df9931",2,"",19.17
1613,"26fc54f0-e688d8f7",1,"t",20.18
1614,"2659afe3-61aeb422",3,"",18.31
1615,"1b875d9b-da627691",1,"s",19.62
1616,"26b10fe1-c5e9394e",3,"",20.05
1617,"277b943f-2f424aeb",4,"",17.97
1618,"27613a6f-2d16e581",4,"",40.3
1619,"1a7d7fbd-d1cf026a",3,"",19.62
1620,"1bc2a99e-bda5bd29",1,"t",19.47
1621,"1bc71761-fdb73491",3,"",19.93
1622,"27153dc1-1efc323b",3,"",20.59
1623,"26afd0b9-d88e35cb",3,"",19.56
1624,"2831bfc3-7704f47e",4,"",15.3
1625,"271cef4e-51a2cab2",3,"",17.72
1626,"286dd092-b04205db",4,"",27.77
1627,"1b508ef4-c26f32f8",4,"",25.55
1628,"26540911-f9bdc072",3,"",16.0
1629,"1bcf2906-50102fca",1,"f",17.45
1630,"1a8d12f7-8caac327",4,"",22.06
1631,"1bcf2906-a37ef4a9",1,"s",27.04
1632,"2776a8af-5c180f62",1,"q",16.56
1633,"1ab40223-fcb1adda",3,"",16.56
1634,"2672161a-622a1708",4,"",19.99
1635,"26c40709-c06473bd",3,"",17.08
1636,"1a92ac6f-246f12c6",3,"",14.26
1637,"1a662b1b-5395784f",4,"",18.52
1638,"2831384a-11f278b5",3,"",15.74
1639,"27166ca0-e88fff4d",4,"",22.12
1640,"1a5d4938-a4632ca4",1,"s",14.67
1641,"2666b4ce-3277d1e9",1,"t",13.59
1642,"1beed53f-63ff17ed",4,"",21.31
1643,"277bcefd-4dc33b68",4,"",27.01
1644,"281a8cc4-89b5ca4a",4,"",24.18
1645,"2877f8d8-f3a115c5",4,"",22.26
1646,"2869ba61-595ffff8",4,"",24.45
1647,"27fbbb54-a746716b",4,"",23.04
1648,"27957d10-39a13e59",4,"",20.59
1649,"1aa36a55-6030d8ca",4,"",22.43
1650,"1bc18e09-e066bed7",4,"",22.26
1651,"2644747c-a54c954d",4,"",23.85
1652,"1b661099-614e4f4a",4,"",23.12
1653,"1a8d12f7-3bc5851e",4,"",24.46
1654,"26748861-426ce8dc",4,"",22.92
1655,"2776d65d-188ddbff",1,"q",15.2
1656,"26afd0b9-a18676f7",4,"",21.06
1657,"26c40709-ab699ca1",4,"",23.36
1658,"1bf4bbc2-98a29105",3,"",17.0
1659,"27af350c-6e46afde",4,"",22.23
1660,"287a322d-af6f79c1",4,"",28.02
1661,"265eb1d9-e12c32bb",4,"",24.07
1662,"1b6d0c14-d3108ef2",4,"",24.1
1663,"1bea929c-dd58269a",3,"",16.44
1664,"26540911-2a76f195",4,"",22.51
1665,"278f9663-d45f0a16",1,"s",15.78
1666,"26b488ef-a76f0de8",4,"",20.91
1667,"1a161cf2-88637a66",4,"",21.64
1668,"1ab901af-fad3ddec",4,"",23.86
1669,"1b744695-2893970c",1,"a",15.35
1670,"2736fdaf-5b596a5e",4,"",26.01
1671,"282678b0-5f4e4eb3",4,"",23.58
1672,"1c4c5b21-8d33e502",4,"",31.41
1673,"27c4b041-81b9b446",3,"",19.31
1674,"26d0ee8b-661008e8",4,"",22.89
1675,"27d2f22e-adb860df",4,"",16.26
1676,"1c20ca7a-8af5dea4",4,"",24.9
1677,"288874ba-568faa6f",4,"",19.08
1678,"2805fa17-c10c862f",4,"",27.32
1679,"1a857e50-2f246e6b",4,"",20.85
1680,"26dce4c9-e3a4716b",1,"q",16.21
1681,"1aa6dd36-4b346ea5",4,"",24.06
1682,"279acb2b-eccd70a4",3,"",16.39
1683,"19eb912f-7e1d1d3c",4,"",21.93
1684,"2714e0ee-10e80b65",4,"",17.87
1685,"28a1f566-21419a3d",4,"",21.27
1686,"1c497174-fb2a5a45",4,"",22.25
1687,"1b9da180-c518ceae",4,"",21.89
1688,"26b66cb8-d7cc1930",3,"",16.63
1689,"1c1f26a3-01e37e18",4,"",14.69
1690,"27a3d76f-d6f4fcbd",4,"",25.56
1691,"1a2608c0-f0983c0d",3,"",18.44
1692,"264d440c-7d915966",4,"",21.91
1693,"1a2cebfd-71155194",4,"",21.85
1694,"2760433e-ec13bc2e",4,"",26.94
1695,"2790cbea-765841c2",4,"",28.6
1696,"2677613c-d758da07",4,"",22.58
1697,"1b458fbc-db610a51",4,"",21.61
1698,"2821e9df-a98eabbb",1,"s",15.76
1699,"27ad042c-c4aad26a",4,"",22.26
1700,"26e27ffb-b50f9292",1,"f",18.28
1701,"1aa8ffe3-54a64768",4,"",27.32
1702,"1aaba030-5fea2587",4,"",23.2
1703,"28682283-6bf9fbee",4,"",18.54
1704,"285abfee-ac51139f",4,"",22.67
1705,"26c1e2eb-a0dbf6cc",4,"",24.39
1706,"27a9c8fe-33be40d7",1,"q",17.63
1707,"27634030-ab913c76",1,"f",17.53
1708,"1bd85bec-b2504293",4,"",22.57
1709,"19dd2e16-f26e6742",4,"",21.67
1710,"2859107a-a16b97b7",4,"",22.47
1711,"2782a4cf-7f853539",1,"f",18.21
1712,"263805ec-2b863c60",4,"",22.57
1713,"26947fc3-abf0248d",4,"",21.31
1714,"26f2f012-49d14c7b",1,"s",13.83
1715,"27c0e9a0-0898ecfa",4,"",24.58
1716,"27aa9484-01c6eff7",4,"",23.21
1717,"1a94ab8c-2fb11427",4,"",23.3
1718,"28b2838f-b09e7431",4,"",19.15
1719,"1ba5f2b7-9546246a",4,"",19.7
1720,"2701b1e2-aef31b5e",3,"",14.42
1721,"1b59fa90-51047db2",4,"",21.35
1722,"27adcdb2-ec486fad",4,"",20.9
1723,"27f635b5-0893ff34",1,"q",16.97
1724,"1bf4bbc2-f13ea137",4,"",18.41
1725,"1c198126-1122c365",1,"o",15.97
1726,"2668d1f0-04fc283e",1,"f",17.21
1727,"2880b229-c4c29bfc",1,"t",17.27
1728,"273baddf-9b671d37",4,"",22.59
1729,"26484cac-1e97f6aa",4,"",24.01
1730,"283310a2-4e7bf4d2",1,"q",17.31
1731,"26609d7a-690f2a49",1,"q",16.64
1732,"2890b26d-becdd10f",1,"q",16.35
1733,"277b6193-38946528",4,"",23.07
1734,"1aa6dd36-8feb5194",4,"",23.8
1735,"28b2838f-6736beb1",4,"",24.92
1736,"26e27ffb-1efceb42",4,"",25.16
1737,"2822309e-aad45fce",4,"",23.38
1738,"1aa0922e-addc5847",4,"",25.54
1739,"1accee17-9a1b4b0e",4,"",22.52
1740,"282e27dd-a523ea33",4,"",18.72
1741,"285864fd-161adf6f",3,"",15.69
1742,"26d5e3a6-327d6a8c",4,"",20.57
1743,"26c40709-ab452d9d",4,"",22.42
1744,"274f6057-1e8ebc74",4,"",15.93
1745,"19fa4dcf-04b45101",1,"s",15.5
1746,"1bfd1ae2-0be12a8f",1,"a",15.66
1747,"28977da4-ecce0aae",4,"",23.75
1748,"1a737241-92661d4e",4,"",22.4
1749,"1b9f4949-a7b8ae34",1,"f",15.15
1750,"2635ea6c-57f638cb",4,"",23.03
1751,"27634030-c038c6e7",4,"",25.29
1752,"1c20ca7a-b710bbdb",4,"",28.58
1753,"28984b3d-606fda60",4,"",29.05
1754,"265585e1-e3e9cefe",4,"",16.8
1755,"26f56822-1c6ca30b",4,"",19.37
1756,"1c570d0b-df0b2a5d",4,"",16.76
1757,"28ad955f-a645f436",1,"s",16.23
1758,"1ab40223-b3442aec",4,"",19.73
1759,"19ed538d-6fcac9d6",3,"",16.32
1760,"19fa4dcf-0fa135fd",4,"",20.01
1761,"2845898f-744fa6dd",1,"o",13.38
1762,"26c68a23-d460c891",3,"",15.76
1763,"2753e8ea-078f9aec",4,"",16.84
1764,"266cf004-f331c430",4,"",14.41
1765,"1aa6dd36-6a185586",4,"",17.05
1766,"1b49c269-855c69ef",3,"",15.63
1767,"19e40aef-08cee8b7",4,"",18.57
1768,"28ad955f-0b0e4b7b",4,"",17.89
1769,"26864e86-b868a869",4,"",17.91
1770,"1b318463-67f85eec",4,"",15.96
1771,"1b840737-545e443d",4,"",16.22
1772,"27507c6c-08a0c5a8",4,"",21.79
1773,"2695be4f-9f4d5744",4,"",23.31
1774,"1afb54b7-7e14064f",4,"",32.26
1775,"26afd0b9-b1317dfe",2,"",16.01
1776,"272eb054-847a5a46",4,"",16.76
1777,"28a1f566-e4aee4ab",1,"a",15.37
1778,"27114f20-b978add1",2,"",15.07
1779,"1c1ea16f-f3b251db",4,"",14.95
1780,"1a8d12f7-aec906c5",3,"",14.13
1781,"1a8d12f7-9b8384a3",1,"o",13.84
1782,"1b7ca5dd-1ae8d3a4",1,"o",15.51
1783,"26573804-24d71da9",4,"",24.43
1784,"263ccc57-79aada48",4,"",17.81
1785,"28baa6f4-00886b27",4,"",16.86
1786,"1abfe6e9-a53a4102",1,"s",15.4
1787,"271498ec-22ad309d",2,"",16.3
1788,"2757a957-7f73b6b9",4,"",16.15
1789,"26be2a92-814a9770",4,"",23.12
1790,"27c77a49-5d1117cd",4,"",28.59
1791,"1b4f4bb5-4ef36595",4,"",18.69
1792,"269366ad-19586f93",4,"",20.54
1793,"1b2c29c3-2b559cd9",4,"",24.57
1794,"1a14227d-8a83e13b",4,"",22.14
1795,"27eceae3-1d58ee29",4,"",27.04
1796,"1b204772-b26a4e30",1,"q",15.93
1797,"1ac73a1f-9ab9c5ae",4,"",22.77
1798,"1b8ec7c5-f795d56a",4,"",15.19
1799,"263bfdd0-cf2496cf",4,"",14.94
1800,"27efda05-9e5be110",1,"s",15.76
1801,"27af350c-ad2ae429",4,"",27.26
1802,"27bedfdc-4cedf7fa",4,"",24.13
1803,"26f7f4d6-e95962fb",4,"",24.69
1804,"27ca30e5-3172caac",2,"",10.95
1805,"28a05e26-87969ef8",4,"",25.12
1806,"28ad955f-b5824a3a",4,"",22.64
1807,"1bf5bf8a-350d126f",4,"",23.17
1808,"1c2a60fd-683437fc",4,"",27.54
1809,"1a8d12f7-95acad85",4,"",32.69
1810,"2659afe3-d43a2cc1",4,"",22.84
1811,"2776d65d-2e3dcd70",1,"q",17.56
1812,"27f70271-159dd2a3",4,"",23.35
1813,"1bc79eef-8b2f07f6",4,"",20.51
1814,"26d0ee8b-961e923a",2,"",16.82
1815,"1b813f24-692969ba",4,"",15.38
1816,"2838a1e7-6b4aec78",4,"",24.17
1817,"27792ae2-c46d90a2",4,"",22.78
1818,"1b2238e4-ed4e6634",1,"q",15.18
1819,"279b882c-2260f1c5",4,"",17.64
1820,"284438e5-1f49e7c9",4,"",14.95
1821,"1bdaad84-d18200c2",4,"",23.95
1822,"28632ea1-dc5b7ae9",4,"",27.49
1823,"27eceae3-4fa969a0",4,"",22.71
1824,"1a94ab8c-08f533ce",4,"",20.01
1825,"282c502e-36041701",4,"",20.78
1826,"1c54b864-afc3bd26",4,"",21.62
1827,"1c56c68b-9706d5aa",4,"",22.34
1828,"1ad16048-22515901",4,"",18.84
1829,"1a8d12f7-82d13d55",4,"",16.63
1830,"26bcfb90-a88bb33b",4,"",25.77
1831,"267aa141-2e47e13b",4,"",17.48
1832,"27957d10-bb315c84",4,"",15.04
1833,"1aaba030-728a01c0",4,"",19.5
1834,"2641883b-9e0c13ba",4,"",15.53
1835,"1a18f947-27aa9aa8",4,"",21.96
1836,"27fbbb54-95057553",1,"s",14.93
1837,"1aa78e5a-c2c243ab",4,"",20.34
1838,"2880b229-67da2f2f",4,"",23.67
1839,"2880b229-7911766e",4,"",27.67
1840,"1b8036c0-72ff2943",1,"q",15.13
1841,"1ab40223-04bfa008",4,"",18.04
1842,"1a2e36d4-7f3e8a9c",1,"q",15.28
1843,"28325ca1-8406eca7",4,"",23.97
1844,"29f75630-156aa9d4",4,"",29.9
1845,"2913ff67-20fb404c",1,"j",15.4
1846,"29a82992-bc998a2c",4,"",32.54
1847,"2a656a7b-715d48fb",1,"t",12.35
1848,"2b2c44c7-958f0ba8",3,"",17.18
1849,"2a5426eb-5a3c575f",3,"",18.02
1850,"29053385-30e3138f",1,"e",17.64
1851,"291b09ee-91997409",1,"q",18.3
1852,"29e18b45-d5d841cb",4,"",40.21
1853,"29a6a14c-32a2f260",3,"",17.2
1854,"28fee1cd-e6e03af9",1,"q",17.93
1855,"28e71ebe-9bea43bf",1,"q",19.35
1856,"28e24c21-09c4154e",4,"",39.37
1857,"294c9279-3a2bc98a",3,"",16.5
1858,"28dbc980-c78cab94",2,"",17.8
1859,"28c713e1-67fa8665",4,"",27.12
1860,"2a29f8d5-daf41dd3",1,"e",18.05
1861,"29d9784c-3c2e8664",4,"",18.97
1862,"28fdac62-0900a031",4,"",26.53
1863,"2b12d84a-346daae9",4,"",28.7
1864,"2a5f51d8-842f3fd8",3,"",17.33
1865,"2a5f2d6c-5519930b",1,"q",15.56
1866,"2a601183-94ca5927",4,"",26.8
1867,"2a0b6bf3-f82efefc",1,"t",17.61
1868,"298726c9-a1a40309",4,"",26.65
1869,"2a055fa6-e928b42a",3,"",17.68
1870,"29f913a7-db170dab",1,"q",18.35
1871,"2a13f82e-5f6ba601",1,"h",17.43
1872,"2aecd572-9a5d712c",3,"",18.14
1873,"29216ff8-60dc0a01",4,"",22.1
1874,"29feb9ac-f2e89517",4,"",26.29
1875,"2a38618f-e0f997d5",4,"",23.45
1876,"29885f13-71891baf",1,"r",17.41
1877,"2a174e91-c0cac39f",4,"",21.7
1878,"29d9784c-27f69673",4,"",27.68
1879,"29b4e1eb-bc76d4ac",1,"q",14.94
1880,"2a04d6fc-e60f2efa",4,"",26.38
1881,"29d9784c-27112a4d",3,"",18.13
1882,"28dabcec-4efaab14",3,"",16.61
1883,"296a8bda-43ff1115",4,"",29.95
1884,"29555c85-cdde7087",1,"q",15.35
1885,"29e4cf0e-c649fede",1,"q",16.83
1886,"294ebbad-2a980b62",4,"",23.93
1887,"28e54af2-f8367184",1,"q",17.01
1888,"2a58d708-e281b697",1,"q",17.04
1889,"2ad035f4-bce26a01",3,"",19.52
1890,"29981832-b90c929f",4,"",24.45
1891,"29ebc76c-8e2a0496",1,"q",16.24
1892,"2ab88494-3675cb8d",3,"",16.05
1893,"2a194872-71cf13af",4,"",28.98
1894,"294918ff-c82ce31b",3,"",20.19
1895,"2a9b3d0e-75c057fc",3,"",19.14
1896,"294f48b6-e4ca441a",4,"",23.0
1897,"2a9ec7b0-a744a0a9",1,"q",20.11
1898,"2a6eb4e6-2e3b8941",2,"",5.0
1899,"2a4ed892-0fd84bd3",4,"",20.19
1900,"2966830f-a6a1fef0",4,"",16.74
1901,"2a83318f-b9c8a4a8",4,"",24.17
1902,"2a194872-647194c2",4,"",37.36
1903,"28dba887-9e2bf4e2",3,"",19.91
1904,"291f5d0d-524726eb",4,"",22.16
1905,"2a051b12-cca63af9",4,"",23.88
1906,"2a9def13-cc3693a5",4,"",23.89
1907,"2b2a2daa-377240d6",4,"",26.86
1908,"2aa7c61a-ef091eed",4,"",28.86
1909,"2b0e2d3c-05134d9a",3,"",16.49
1910,"2a531b99-d23cbe83",3,"",15.27
1911,"29b358d9-5823c4f2",4,"",23.31
1912,"2a194872-45aa73ce",2,"",14.15
1913,"2b24f805-5e53a26a",4,"",25.12
1914,"29947c23-bf443cda",4,"",27.02
1915,"2a28eafc-52c6d3e5",3,"",16.08
1916,"2ab2f4ce-df73386a",1,"s",18.29
1917,"2a2d54fa-fd3fc827",4,"",27.87
1918,"28f89523-c420da12",3,"",15.48
1919,"2955f187-37742a2e",4,"",22.13
1920,"2b2fb0eb-2b94d5d9",3,"",16.0
1921,"2ab26860-c8e8d61c",4,"",17.6
1922,"295c7c79-aefe91b4",1,"d",17.76
1923,"2b05ceba-ddbfc209",1,"q",14.99
1924,"2b116403-0df1b7bd",3,"",13.91
1925,"28dbc980-86029e53",4,"",16.93
1926,"2b05ceba-4f3be758",3,"",16.22
1927,"290f4523-ce4bf37b",4,"",17.8
1928,"2aef52cc-b3dcd07e",4,"",22.54
1929,"29099ea6-932dd17f",1,"f",16.38
1930,"2aa8f9dc-c946ff46",4,"",29.31
1931,"29a2bd81-99eb4659",4,"",23.05
1932,"2a9154da-fc04ed8a",3,"",15.82
1933,"2a6eb4e6-fe3a32ec",2,"",16.3
1934,"2ab88494-29c4d775",1,"",14.95
1935,"2a601183-1ead0a5c",4,"",17.07
1936,"291bf8d7-cfca12e6",3,"",15.61
1937,"2ad44c7f-8ec73ca7",4,"",20.47
1938,"296a1206-48f93cea",1,"e",15.68
1939,"29e8b88e-f6d159e2",1,"q",16.25
1940,"298726c9-5e7e575b",4,"",25.99
1941,"2901a5f4-cde7b637",2,"",12.5
1942,"2aef52cc-52ceef98",4,"",25.12
1943,"2a011796-d2ea0ed0",4,"",23.67
1944,"28f89523-ae5d138e",4,"",16.04
1945,"29099ea6-d61560e3",1,"q",18.04
1946,"29fc1296-29b820a4",4,"",22.66
1947,"29525520-4aef22f5",4,"",20.23
1948,"2a58d708-329f0a73",4,"",26.45
1949,"2931750b-be1e61aa",2,"",15.64
1950,"2a656a7b-d576e409",4,"",25.67
1951,"2b395b41-f8152c06",4,"",18.31
1952,"28e54af2-7b5333ed",4,"",16.1
1953,"2addac9e-87afd8c4",4,"",17.82
1954,"28f314e4-c49a1c71",4,"",24.97
1955,"2a13f82e-ed14ea41",1,"d",14.8
1956,"299143f1-c72865d9",4,"",13.78
1957,"29c8385a-e39b9c38",4,"",24.64
1958,"2a6b9039-e4535f61",1,"e",15.07
1959,"29555c85-de9640e9",4,"",21.05
1960,"296c369f-1763eb69",4,"",16.47
1961,"2b337850-84f489c0",4,"",26.24
1962,"2ae514af-7814ddd5",4,"",19.78
1963,"2a38eef1-427f8e01",4,"",24.49
1964,"2a5426eb-f3bb20d1",4,"",16.42
1965,"2903b6c3-f7f5cd55",4,"",24.09
1966,"2a37a9f8-809ccb5e",4,"",15.26
1967,"29d1d05e-fcf0a51a",1,"q",15.6
1968,"29870108-8aea7ab3",4,"",16.83
1969,"2aab640e-fe53951e",4,"",22.92
1970,"2b2c44c7-3e18a39f",4,"",21.58
1971,"2a3ef8e0-79ebc1c9",1,"a",14.54
1972,"293daccb-3ffdd4e1",1,"e",12.87
1973,"297c00ba-5839ed02",1,"q",16.17
1974,"2aa7c61a-068f536f",4,"",27.18
1975,"29885f13-3f250eb7",4,"",22.01
1976,"29a6a14c-e6a07faa",4,"",28.31
1977,"2a051b12-79bb0453",4,"",38.75
1978,"29a6a14c-8b3392f1",4,"",15.2
1979,"29f6191f-71cb74b9",4,"",15.0
1980,"28dbc980-b9d597fa",4,"",24.13
1981,"2a601183-1d0b095f",4,"",25.2
1982,"29649ed5-3ede5e06",4,"",23.52
1983,"2a174e91-f5bfd354",4,"",24.92
1984,"2b28acca-016db464",1,"d",16.88
1985,"298726c9-bc94634a",4,"",17.91
1986,"2986b9db-b580d01a",4,"",18.59
1987,"28c625d6-5464506b",4,"",24.56
1988,"2b0ca964-a24ddc07",4,"",26.95
1989,"2a83318f-527886df",4,"",26.42
1990,"29a6a14c-6ab8e4c7",4,"",17.12
1991,"2aeca9a4-e885f2d1",4,"",19.15
1992,"290468ad-952ba1a1",4,"",15.82
1993,"29190b6b-7b555e4b",4,"",20.77
1994,"2a857225-cb7dac35",4,"",24.35
1995,"2b39cdee-596e0888",4,"",30.15
1996,"2b01a56a-9bdb518d",4,"",25.15
1997,"296ff220-b55088b8",1,"q",14.8
1998,"28faf684-03ef4c6e",1,"q",15.81
1999,"2addf4ad-9d72112e",4,"",17.27
2000,"2a68cbc2-9f90ba31",4,"",15.21
2001,"2a3e84ac-765d9073",4,"",16.91
2002,"2a1e1100-b0b2eb0a",4,"",16.63
2003,"2aa8f9dc-776bcba6",1,"q",15.24
2004,"2a0b0ab3-a0798ab1",4,"",27.39
2005,"2a6eb4e6-57c4e468",1,"e",15.09
2006,"28dbc980-d60627ec",4,"",13.21
2007,"29e54439-2d148355",4,"",22.98
2008,"2a322002-e5837bf7",4,"",19.84
2009,"294a3973-22cbac64",1,"e",18.04
2010,"28cb158d-9d5d7aa2",4,"",25.32
2011,"2a656a7b-e49e65a3",4,"",24.01
2012,"2b019754-a613b0b7",4,"",16.88
2013,"2a13f82e-a9d9f5dc",4,"",25.07
2014,"29b74173-1fd61c0c",4,"",15.91
2015,"29ede712-0dd0a1eb",4,"",18.22
2016,"298185ad-f90ebe43",4,"",23.68
2017,"29610d9a-ba94b154",4,"",22.82
2018,"292e0757-114dc786",4,"",15.46
2019,"29947c23-d6da6e48",4,"",22.73
2020,"290a8caa-d7cfcb76",4,"",23.13
2021,"29b08850-244f3b25",4,"",25.79
2022,"29a6a14c-aefc8638",4,"",28.22
2023,"2aa7c61a-65f48214",4,"",26.01
2024,"2a921d20-4154f535",2,"",11.29
2025,"29ae1a6e-a0f70195",4,"",19.29
2026,"29947c23-01e82a0e",4,"",19.13
2027,"290a8caa-4d36a133",4,"",16.08
2028,"2b2243c0-dcc6613b",4,"",29.36
2029,"28e518d1-af9348d2",4,"",16.28
2030,"2b1e1dde-22a40a4e",4,"",16.23
2031,"28dbc980-a186da44",1,"f",15.73
2032,"2934cedf-dc8a5bdb",4,"",23.41
2033,"298726c9-33ac86f8",4,"",23.16
2034,"293e4359-1a29844a",4,"",15.53
2035,"2a6d698a-d5211fec",4,"",23.88
2036,"2a7ab873-17b80b20",4,"",22.72
2037,"2b05ceba-2f5f3bb1",4,"",21.97
2038,"291f5d0d-2e1b3b67",4,"",18.4
2039,"293b7fd8-e5c3eb84",4,"",22.65
2040,"2a601183-86c57b2e",4,"",31.87
2041,"28dabcec-a3ee4bd0",4,"",23.45
2042,"29dac8e2-d73adbf2",4,"",22.35
2043,"2a2ddb8d-8346dfc2",2,"",18.05
2044,"2aeb31c9-8583da82",1,"t",17.4
2045,"2b12d84a-05f51e3d",2,"",15.53
2046,"2a5426eb-50d2d5bd",4,"",21.53
2047,"2a5426eb-389301c7",4,"",24.72
2048,"2a2a9478-16fcffe7",1,"q",14.29
2049,"2a051b12-8008b4de",4,"",19.18
2050,"29885f13-845ed650",3,"",14.86
2051,"298726c9-a9b4a75e",4,"",23.82
2052,"2946f63f-f61eaf59",4,"",16.11
2053,"29693b17-cdabbe58",4,"",20.75
2054,"29d9784c-4994e41a",4,"",21.37
2055,"2b12d84a-07fc8455",4,"",24.3
2056,"29e4cf0e-b03f569e",4,"",27.94
2057,"2a6af758-cf27fcf5",4,"",24.99
2058,"2a5426eb-a79e0360",4,"",16.53
2059,"2b116403-bac8c9f8",4,"",24.04
2060,"296a1206-fc4bd319",1,"f",14.6
2061,"2b116403-35782516",4,"",24.71
2062,"29b74173-8e715c9f",2,"",14.31
2063,"28f4668c-0908fae9",4,"",19.08
2064,"2a7e1ff7-375a2cfe",4,"",21.57
2065,"29e4cf0e-d006876b",4,"",23.98
2066,"2aa3da17-7177855f",4,"",21.88
2067,"28c984e7-58bb1d6b",1,"q",14.62
2068,"298185ad-e881f3e7",1,"q",14.05
2069,"2ab08a4f-bcc0c172",4,"",19.81
2070,"2ab08a4f-b59ddbbe",4,"",20.8
2071,"2921935a-be69e10e",1,"q",14.11
2072,"29b74173-f6084811",1,"t",16.19
2073,"295007d8-79b88bf9",4,"",20.76
2074,"29747b0d-9e03749b",1,"q",16.04
2075,"29c8cd81-7c02d318",1,"q",11.3
2076,"29c8cd81-7c02d318",1,"q",11.3
2077,"2ad3e070-dae1a426",4,"",16.72
2078,"2ead8042-2493c03f",1,"q",17.36
2079,"2f0cde9a-26e8e371",4,"",26.53
2080,"2fd7219c-6d2cc411",4,"",26.58
2081,"2f91eaa4-72459758",1,"f",17.41
2082,"2f1864c1-3dba4a95",3,"",18.81
2083,"30423cd1-193e44e7",1,"q",15.99
2084,"2f1a964b-e04a3549",3,"",18.49
2085,"2ff3443a-a146a55c",1,"t",16.92
2086,"2f9de3ab-c06d8fca",1,"q",18.48
2087,"2f9a7224-0932e925",2,"",17.77
2088,"3035e9b2-6797998b",3,"",17.24
2089,"2ed1eb65-ef5f496c",4,"",19.26
2090,"2f293bbe-c7bf2938",4,"",26.87
2091,"2e9bf5eb-973324f5",1,"t",18.35
2092,"2e9bf5eb-6059f1b4",4,"",24.71
2093,"2f31ec89-7c6d9cb0",1,"f",14.47
2094,"2e274935-a2c4f04f",4,"",26.97
2095,"2f91eaa4-16ad5a1a",1,"r",15.56
2096,"2f48d14f-9cd277be",4,"",22.8
2097,"2faba7d4-86e63fed",1,"s",12.84
2098,"2f02d492-5059788a",1,"q",12.39
2099,"3021fc2b-78a1d296",4,"",21.6
2100,"2ec2a9a0-72c3bbc4",4,"",24.21
2101,"2f97ca3c-51a748f6",4,"",22.31
2102,"2e96598e-34ada001",1,"o",14.99
2103,"2e3e86fd-57679e0c",1,"e",13.02
2104,"2ee2b405-d21cc091",4,"",24.99
2105,"2f97ca3c-e70f7c06",3,"",15.82
2106,"300629e2-9105e409",4,"",23.0
2107,"2e1e3eaa-5d8d8276",4,"",22.33
2108,"2f97ca3c-20d6deac",4,"",23.07
2109,"2eaca1db-0cbd9d42",4,"",20.38
2110,"2fac89c0-646c7f41",4,"",22.39
2111,"2e1a2a13-04a8e63a",4,"",22.67
2112,"2e992f2c-29039a70",1,"y",14.47
2113,"3019c693-5815bbe0",4,"",21.53
2114,"2ebb5ea3-d2555dda",4,"",23.81
2115,"2f246efa-b76b6fd6",1,"q",14.32
2116,"2e9210db-a7047a87",3,"",14.17
2117,"2fd735a8-b1ca8fa1",4,"",21.09
2118,"301961be-bb4b0e56",4,"",22.56
2119,"3021fc2b-3625b2e0",4,"",22.96
2120,"2fdcceaa-2a4fe380",4,"",24.45
2121,"2de503e2-f85b1e7a",4,"",24.31
2122,"2faba7d4-bec2d8b4",1,"o",13.94
2123,"301961be-02e85105",4,"",23.34
2124,"2f81b100-5abc67d2",4,"",22.74
2125,"2fe23937-5b7e3788",4,"",22.85
2126,"2fa2a798-d17674e6",4,"",23.99
2127,"2f4f446d-043af739",1,"o",16.49
2128,"2e191297-ac0fffed",4,"",25.06
2129,"2e200c00-236f1591",1,"q",13.6
2130,"30423724-6412b296",4,"",21.81
2131,"2eaa3322-aec372d9",4,"",18.06
2132,"2f375e32-2600814b",4,"",22.19
2133,"2ebec16a-5ee7233c",4,"",23.74
2134,"2f49b1d9-86e7fccf",4,"",23.09
2135,"2ff1c26e-32b9d8ca",1,"q",13.38
2136,"303d5b4d-9cf71ef0",4,"",22.5
2137,"2e489f81-d0fb7c6b",4,"",26.88
2138,"2e684669-86de938e",4,"",28.41
2139,"2e08313c-47316728",1,"e",16.18
2140,"2eaa3322-52bab8a4",3,"",13.47
2141,"2ef6a42c-b8610966",1,"d",15.22
2142,"2f419121-021b1df3",4,"",24.66
2143,"2fac89c0-82fae456",1,"r",14.48
2144,"2f0632dc-bd89591e",4,"",19.71
2145,"3019c693-170dd60f",3,"",17.11
2146,"2fdcceaa-fba949bc",4,"",22.38
2147,"2f8af0cb-de8d2a3b",1,"e",15.18
2148,"2ea7f7b9-f31af436",4,"",21.21
2149,"2eeb7462-f5de7922",1,"i",15.13
2150,"2e989fca-0254c276",1,"q",14.93
2151,"3010d4be-a5e274f6",4,"",22.2
2152,"2de6e6db-20de4ba9",3,"",20.19
2153,"2f572954-67a0ca98",4,"",21.47
2154,"2fdcceaa-ec02a6c9",4,"",24.67
2155,"304b673b-61ba9dd7",4,"",25.75
2156,"300f312f-a5a82c4d",4,"",26.33
2157,"2fdcceaa-c982a6ae",4,"",23.39
2158,"2ff351cc-0ce23678",1,"o",17.23
2159,"2fdcceaa-6fd41954",1,"q",16.67
2160,"2f777508-a5dbf9c2",1,"o",17.54
2161,"2e39be88-8189e618",4,"",26.68
2162,"30221287-3ee014af",4,"",27.43
2163,"300b3d4d-dbb1ce28",1,"q",16.42
2164,"2f4f446d-bbd7bd3d",3,"",17.21
2165,"2fad2d43-ddad543e",1,"r",17.08
2166,"2ee2ddea-eec61a74",1,"e",15.83
2167,"2def8dae-5e8a4464",4,"",22.9
2168,"2fea7e08-77426338",4,"",21.98
2169,"301d7f0e-b7e3dc9e",1,"q",15.13
2170,"2fef12f6-f31f4da3",4,"",24.16
2171,"2f77313c-bbdbf3cf",4,"",24.59
2172,"2f58f7ed-3cc6d427",4,"",22.47
2173,"2e656ddd-74abc62a",4,"",28.46
2174,"301a239f-1f3767b1",4,"",26.5
2175,"3006450c-20bcc415",4,"",22.69
2176,"2f636548-0b525d64",4,"",27.19
2177,"2efd46af-f60f4b18",4,"",22.63
2178,"300629e2-8f0644df",4,"",26.61
2179,"2e3061c1-c3ec7a32",4,"",22.3
2180,"2f51fa69-e0950d28",4,"",23.94
2181,"2fea7e08-43634572",4,"",28.46
2182,"2e0901e0-2ba8d490",1,"q",21.48
2183,"2fcdfba1-c832900d",4,"",23.11
2184,"2fd60f5d-44559e40",1,"f",17.94
2185,"2fc711ef-c73c2bd8",4,"",23.98
2186,"2ff8acd5-ee32295b",4,"",21.83
2187,"2fc571d2-97743b65",1,"o",15.96
2188,"2f1a964b-adaaca11",1,"o",17.52
2189,"2e754944-15c2a9b8",4,"",26.07
2190,"2e748b73-4f762718",4,"",25.06
2191,"2e2500b1-af60b29a",3,"",18.64
2192,"2f1864c1-1a17d11c",4,"",22.73
2193,"2e457bf7-33040be2",4,"",23.45
2194,"2f01ce1e-9d648ca6",1,"q",14.09
2195,"2fa2a798-2bae146f",4,"",23.15
2196,"2f57ff9d-764bc4b7",4,"",21.61
2197,"2ef8d318-ff4a81c4",4,"",23.2
2198,"2e86d40d-d5a69403",4,"",26.49
2199,"2eb2fb10-63358eca",3,"",16.09
2200,"2f40e933-9b90fcfd",1,"f",18.62
2201,"2ee2ddea-796e81f0",1,"q",15.37
2202,"2f48d14f-d6eefd12",4,"",17.3
2203,"2f78a740-ac9fd485",1,"q",17.23
2204,"2fc878d7-e6704b4f",1,"q",15.46
2205,"2de95ea0-187d0edb",4,"",27.66
2206,"2e1ae4d2-7af89192",1,"q",17.28
2207,"2e9f5b16-40965200",1,"e",14.4
2208,"2f63c867-2174502a",4,"",15.62
2209,"2e8d15be-e5a2b7ef",1,"q",14.99
2210,"2f4f446d-7bab9011",4,"",23.55
2211,"2e3061c1-289f3c93",4,"",30.17
2212,"2ee2d1f6-e67b602e",4,"",24.22
2213,"30338a38-83b337c8",1,"o",14.53
2214,"2de6e6db-4906be8c",1,"e",16.67
2215,"2f97ca3c-fcf4787b",1,"f",15.2
2216,"2e6e0d51-8049b9fc",4,"",26.92
2217,"2fc711ef-08fd7238",4,"",24.19
2218,"3033fc21-85d6d9d5",4,"",25.24
2219,"300c1530-7dad4692",1,"q",15.61
2220,"2fc571d2-ba735e66",4,"",26.55
2221,"3044b129-5d0d3a5a",4,"",22.28
2222,"2e7790d2-40e17524",4,"",25.07
2223,"2df9eb4d-c29e6dc2",4,"",24.09
2224,"2e551a58-ac0a19e8",4,"",23.23
2225,"2f999084-aa7def4b",1,"f",19.33
2226,"304bf92e-67630150",4,"",21.57
2227,"2fd7219c-e994bf2e",4,"",21.93
2228,"2ed14d24-b6e63276",1,"f",16.54
2229,"2ee4ec7f-f8ae0368",1,"e",14.54
2230,"2ea5f89d-9fed14ac",1,"q",17.63
2231,"2f767a45-0a41bf82",4,"",22.55
2232,"2f78a740-af5e4806",1,"o",17.17
2233,"2efc2cb4-92513adc",1,"f",18.58
2234,"2ffba9ef-6b636428",4,"",22.54
2235,"2e8bd85f-9d6ce782",4,"",26.82
2236,"2e3c12c6-ccd053e2",1,"q",14.18
2237,"2f97ca3c-009da805",4,"",23.5
2238,"2edecb93-8b4d71a8",1,"f",19.15
2239,"2fbb8081-5f532afb",1,"q",16.6
2240,"2e581c37-b9a37335",1,"q",17.53
2241,"2e27b2af-59106bdf",4,"",29.16
2242,"2e896c59-cd462ff7",4,"",25.97
2243,"2f786301-d959f12e",4,"",28.39
2244,"2f97ca3c-ff753fe9",4,"",29.69
2245,"301961be-6e561119",4,"",24.21
2246,"2f9fd95e-2eb2d24c",1,"d",17.34
2247,"2e656ddd-9f687a62",4,"",25.5
2248,"2fa02ad3-edb260d9",4,"",21.94
2249,"2f813786-eabd7e2b",1,"q",12.3
2250,"2f8e37f8-b96a0e6d",1,"q",15.53
2251,"2f1864c1-d62a0153",4,"",23.23
2252,"2eeb7462-6507721b",1,"q",13.8
2253,"301d46b0-608b7271",1,"q",16.23
2254,"2de503e2-b6b4d15b",4,"",21.91
2255,"2ebec16a-d08ed454",4,"",25.76
2256,"2f9d9324-2f6720ae",4,"",28.19
2257,"2f0cde9a-e44d37bf",4,"",27.86
2258,"2efd46af-dc693102",4,"",22.71
2259,"2f20bd07-e4abcb4f",1,"d",19.47
2260,"2fdcceaa-488a3a47",1,"q",13.28
2261,"2f45dd26-b4591299",4,"",25.14
2262,"2f9eb07f-35ac03ce",1,"f",14.97
2263,"2eac83bd-d26c75e3",4,"",25.78
2264,"2f9eb07f-6944922c",1,"o",15.52
2265,"2e1e3eaa-4ec66394",4,"",27.99
2266,"2f78f69b-a51ee28a",4,"",26.02
2267,"2fe7d40b-d25348fb",4,"",29.97
2268,"2ee2d1f6-4972dca1",2,"",20.1
2269,"2e3061c1-ee55001b",4,"",27.93
2270,"2eaa3322-fc2d362a",4,"",25.01
2271,"2f78a740-e420fa74",1,"s",16.34
2272,"2f002d9f-159af325",4,"",26.82
2273,"2ea16819-c14d541f",4,"",28.05
2274,"2f0c1f5f-2e8dcba6",4,"",32.35
2275,"2f1b8110-e6510e05",4,"",25.17
2276,"2e864b00-4ccc5855",4,"",22.67
2277,"31329e84-750e5041",1,"s",17.99
2278,"325a8deb-6063cd3a",1,"q",17.6
2279,"31007246-309c44e4",4,"",25.65
2280,"30678f4d-75172808",4,"",24.99
2281,"32adb27d-c4138a97",4,"",24.41
2282,"3143da7b-3cf71118",4,"",22.2
2283,"30b207bb-4c854ae6",1,"t",17.52
2284,"323072bd-ef724339",4,"",23.58
2285,"30c82d57-7be9c996",4,"",25.86
2286,"30d60151-c2618b59",4,"",21.5
2287,"3228edd0-e3f3f820",4,"",23.66
2288,"31c889c8-e1691deb",4,"",24.52
2289,"30ccac90-7ab9b0ae",4,"",23.23
2290,"30e40da5-6033cbdc",4,"",24.69
2291,"30e40da5-4e793ada",4,"",24.85
2292,"32a3ce04-5bae8a26",4,"",24.5
2293,"31b0340d-a576cfd2",4,"",23.87
2294,"30cd093c-757fef7a",4,"",20.18
2295,"3264cad9-7e690d43",1,"o",15.79
2296,"31fe3c4f-99ce7a78",4,"",22.0
2297,"321877a3-f277463d",2,"",14.95
2298,"30bd10c5-b5d65ffd",3,"",17.73
2299,"30a50138-b7ab5d82",4,"",25.9
2300,"3100e8a0-546dbc4f",4,"",24.31
2301,"30f47755-32a0e545",1,"o",13.03
2302,"316dcb72-1319dd74",4,"q",16.62
2303,"31185dd1-fe0d4322",4,"",21.42
2304,"31c1fab5-46db4634",4,"",20.79
2305,"30aeb6eb-d4b71210",4,"",23.34
2306,"325886f4-bb2f51bf",1,"e",15.4
2307,"313108dc-8b347058",4,"",25.03
2308,"31e33e02-6fb439ab",4,"",22.75
2309,"327284f7-698ace1d",1,"u",14.93
2310,"31007246-e6d28373",4,"",24.76
2311,"327bef00-086e8b14",4,"",24.04
2312,"3147bc43-e98fe065",1,"e",17.78
2313,"30f81e5a-64624c42",1,"j",17.68
2314,"30f9a5eb-76d4f47d",4,"",15.9
2315,"30b207bb-382b1d4b",4,"",23.72
2316,"30872f0b-15f218b1",4,"",23.42
2317,"314f056f-dbbe0d4e",1,"q",15.82
2318,"307314f7-206fe0a6",1,"e",17.74
2319,"313b7ee4-56f9ad6d",4,"",24.9
2320,"320473dd-dfb8a8a0",4,"",24.48
2321,"31f9eb70-45e4cdc2",1,"q",15.22
2322,"32b8fc83-741ed0ce",4,"",18.58
2323,"3121e224-81cfa1c2",1,"y",13.65
2324,"314db341-f445c524",4,"",17.09
2325,"30853278-13d158f8",4,"",23.99
2326,"317494a4-d1288750",1,"q",14.16
2327,"31f9238d-f4c70eb8",1,"d",16.21
2328,"31d1ab45-6acc4b71",4,"",15.92
2329,"3103a667-f59ff0c4",4,"",26.39
2330,"328a2d8a-c9a3277d",1,"f",14.55
2331,"3254f0ef-3268c528",1,"q",15.26
2332,"323372d5-0c467d3b",1,"q",16.31
2333,"306ae952-23bc5a8f",1,"q",16.97
2334,"316fc6f3-fa31acf1",4,"",23.19
2335,"30bd10c5-a4cc384f",4,"",21.73
2336,"31d47207-25dcd777",4,"",34.48
2337,"31b32596-e064c0bf",1,"f",0.0
2338,"3262196b-a043aaa4",4,"",29.03
2339,"313a8774-7b884040",4,"",28.08
2340,"31b3f3bb-0e232b46",1,"e",15.27
2341,"3056395e-f0f232bb",3,"",15.22
2342,"32b7db6c-56525411",1,"t",15.55
2343,"32841d2a-e9f5c424",1,"q",13.52
2344,"309a1e62-4225634d",1,"f",15.33
2345,"3153a817-1ede6be6",1,"f",14.35
2346,"328bbc42-3409732d",4,"",26.23
2347,"3269c273-e6a57bbc",2,"",14.58
2348,"32479935-3d61b9c0",4,"",16.38
2349,"30a86a38-15383380",4,"",17.65
2350,"30d89c9f-dc3616f7",1,"q",13.73
2351,"30b16a45-a13ac7a0",4,"",25.26
2352,"31e4471d-930a4fa4",1,"t",11.66
2353,"3269c273-ac7e0672",4,"",24.41
2354,"30b815b4-bd2b60ce",1,"q",15.96
2355,"313445a8-a8636186",1,"q",13.5
2356,"32261703-8fa86671",1,"q",8.96
2357,"31081723-b51998d4",1,"q",10.67
2358,"31f600a8-b2ddb858",4,"",19.33
2359,"324a794c-3eeb9049",4,"",23.94
2360,"306d7f47-065dcff6",3,"",15.37
2361,"327e2f77-91f87922",4,"",20.27
2362,"31765c6b-90b0d612",4,"",15.61
2363,"314f962f-af94c8e4",4,"",22.75
2364,"329a78c2-2a2c27f6",4,"",12.14
2365,"3100e8a0-baaeb277",4,"",28.15
2366,"30f47755-b6784ae8",4,"",26.25
2367,"31cc1b03-8be9c953",4,"",22.03
2368,"313a8774-57c462ee",4,"",22.44
2369,"3144b325-c1f560ec",4,"a",16.81
2370,"329fb41b-3a08c1ae",4,"",16.77
2371,"30b16a45-09d506b9",4,"",22.06
2372,"3232e0fb-e77e1c45",1,"q",13.14
2373,"30d339ad-c158e1d5",4,"",22.07
2374,"31479a13-eb03018f",1,"f",14.36
2375,"31f4bca4-a95a9f8a",4,"",22.14
2376,"30cc60f2-6e7c6d72",4,"",25.37
2377,"3290bd24-2b06449c",4,"",25.26
2378,"3260b331-3321e02d",4,"",31.08
2379,"321b752c-84eee66f",4,"",28.43
2380,"31f351ae-3c81f359",1,"q",12.6
2381,"30b16a45-5f968555",1,"q",14.39
2382,"314cfc6c-a85121b6",4,"",30.83
2383,"3143da7b-b56cff73",1,"f",16.65
2384,"30c92c79-dc86ef75",4,"",26.32
2385,"31817fbb-e7a8d925",4,"",23.66
2386,"30e26e32-fa92c20d",4,"",28.98
2387,"31ae5d25-8f7910d0",4,"",28.41
2388,"32bfbaa4-f216174c",4,"",30.71
2389,"320ade94-c0a4a7e9",1,"f",13.59
2390,"30f47755-9a3805c5",4,"",24.38
2391,"30a50138-9604771e",4,"",23.83
2392,"31fa4ea2-9a0d2a3f",4,"",28.89
2393,"310810cf-09afb484",4,"",26.74
2394,"31592d2c-3ed7db81",4,"",24.42
2395,"3143da7b-eaf528e0",1,"q",14.09
2396,"327bc420-5886ba4b",4,"",23.82
2397,"31c5bd7f-227b503c",1,"q",17.86
2398,"317f1793-22620efa",1,"q",14.14
2399,"32735848-fd1bc146",4,"",13.7
2400,"31081723-a223b6d0",4,"",12.56
2401,"3286411b-83d59894",4,"",23.95
2402,"3286411b-4e92746b",4,"",13.31
2403,"31e1d864-cebf17d6",1,"t",16.07
2404,"31383e73-2602d23e",1,"r",15.94
2405,"3232e0fb-2e5efffc",1,"f",16.39
2406,"319939a1-0e0d8a91",1,"o",16.56
2407,"32735848-ceb1d30c",4,"",18.99
2408,"31dc57aa-c68a005d",1,"e",15.05
2409,"32342cfa-034d1c7f",4,"",16.2
2410,"31e9e035-14b7a764",4,"",23.08
2411,"31185dd1-e9bfbb88",1,"w",14.34
2412,"32109044-754c2375",3,"",13.62
2413,"30b82914-0e870b32",4,"",27.45
2414,"30c5b651-36b05a13",1,"q",14.2
2415,"30f47755-9e81f01d",4,"",21.25
2416,"32cefc97-3b99d299",1,"q",14.09
2417,"31ce9817-8a3118e1",1,"q",15.1
2418,"3167c7cf-9ae27bdd",4,"",23.25
2419,"325a8deb-1010a54f",4,"",15.53
2420,"319bc7cf-aa2f3c57",4,"",23.03
2421,"319bc7cf-92ad6c4f",1,"q",13.86
2422,"32654172-8c1f23e8",1,"q",13.69
2423,"3103a667-902fa089",4,"",22.61
2424,"3290bd24-f20970e2",4,"",25.09
2425,"325a8deb-f6a379b3",4,"",20.87
2426,"316276de-9b6496b3",4,"",22.86
2427,"30e13e0e-7807fb30",4,"",12.82
2428,"30de83ea-43163413",4,"",24.7
2429,"3288db43-c9b37b36",1,"f",16.06
2430,"3264cad9-c1d61549",4,"",26.55
2431,"32539b10-2f011f0f",4,"",25.02
2432,"3207d01f-e2bced21",4,"",23.66
2433,"30a98b38-fa69f028",1,"q",15.42
2434,"3149e4a4-f5beb661",4,"",24.08
2435,"321036f5-aac6c002",4,"",25.41
2436,"31c1e0de-77e6f8ba",4,"",21.67
2437,"311217d8-b75dd4fd",4,"",19.16
2438,"317cde24-2a9fea46",4,"",23.69
2439,"32a72ae2-e0028720",1,"q",14.38
2440,"30b207bb-9d7ead9b",1,"q",15.82
2441,"31c1fab5-025f8659",4,"",22.86
2442,"3290e5a2-ce4af1ec",4,"",23.75
2443,"30d46098-a7a19ef7",4,"",23.32
2444,"31817fbb-4ee1142d",4,"",24.73
2445,"3072f02e-d0eaf4df",4,"",23.69
2446,"30a98b38-6cd55d1e",4,"",26.49
2447,"30b16a45-d821f5ce",4,"",27.77
2448,"324424ef-5a6e1b8e",2,"",13.78
2449,"3050b249-0ffbd6ec",4,"",23.01
2450,"30f8146e-2b56f6f1",4,"",22.79
2451,"325f4f9d-bf7a4a3f",4,"",25.83
2452,"30e40da5-f8a76a67",4,"",26.89
2453,"30a9821d-bae43e66",4,"",22.02
2454,"305d597f-e51dde8e",4,"",22.93
2455,"308cb575-5fd120ac",1,"f",17.45
2456,"318262ea-1cb96336",4,"",25.58
2457,"315ac710-992bae20",4,"",25.49
2458,"3279d0f9-bda21087",4,"",24.41
2459,"3115aed6-d6d516d5",4,"",25.56
2460,"3144b325-5de981ea",4,"",28.89
2461,"31383e73-4f8fdaff",1,"s",12.3
2462,"31b7487a-0271ab86",4,"",26.48
2463,"31a56485-786c7c67",1,"q",13.26
2464,"30f0a60b-6f21d405",4,"",22.86
2465,"31f9238d-f0d75caa",4,"",27.71
2466,"31b85909-d616997b",4,"",24.58
2467,"3067d433-623f5866",1,"o",16.01
2468,"31a66974-be3e63b7",1,"q",11.65
2469,"30b16a45-9c59a49b",1,"s",11.52
2470,"3283384c-575a877f",4,"",14.82
2471,"31c1fab5-6df3db44",4,"",28.53
2472,"31baf444-f516983a",1,"f",14.57
2473,"3264cad9-469f7d04",4,"",28.11
2474,"319bc7cf-8c269eed",4,"",23.57
2475,"310da262-d63d1748",4,"",25.42
2476,"3148856c-5ba9334a",1,"e",14.36
2477,"312f26d9-04ddee1a",4,"",20.95
2478,"3207d01f-d22281c1",4,"",23.87
2479,"3114aa42-9729491d",4,"",23.69
2480,"328440a2-575cef80",4,"",26.68
2481,"31d61f82-2e85bd71",1,"q",14.31
2482,"329a37cc-a075b54d",4,"",21.82
2483,"309e2953-7c5f95d6",4,"",21.57
2484,"3050b249-68880b16",4,"",23.96
2485,"3255f46b-e33b2511",1,"q",14.42
2486,"320d95ac-562b425d",4,"t",15.38
2487,"31c856f3-7dbe2a3d",1,"q",16.88
2488,"30ff6387-2beb3581",2,"",15.9
2489,"304e5dfd-a7c8b1d7",1,"q",14.69
2490,"32735848-9f9ac335",4,"",24.28
2491,"314db341-6f1de112",1,"w",16.48
2492,"30cd093c-3eb82d76",1,"f",14.74
2493,"3194e936-3b316370",4,"",23.99
2494,"32a239b7-95783d42",4,"",29.65
2495,"30967030-02a51d8d",4,"",28.98
2496,"31782a56-7f606e08",4,"",23.11
2497,"30f47755-51372650",4,"",26.26
2498,"32910d5c-68986b61",4,"",32.87
2499,"314f962f-d439d536",4,"",26.71
2500,"31817fbb-0db6510f",4,"",28.73
2501,"32b7db6c-8eb758b4",4,"",33.24
2502,"311f788a-dacd5aea",4,"",33.55
2503,"319ef9a4-190a2eac",4,"",34.6
2504,"312d5b95-5f0ffd64",4,"",28.57
2505,"3077fa4d-4af9cfb7",4,"",36.4
2506,"31a83844-ba334636",4,"",32.97
2507,"328e2c2d-e352641f",1,"a",13.46
